t_ms,ax,ay,az,emg_env,emg_raw
161811,-0.1259,0.0783,0.9668,0.0,0.1531
161828,-0.1268,0.0792,0.9659,0.0,0.0
161844,-0.1265,0.0784,0.9651,0.0,0.0975
161860,-0.1259,0.0786,0.9617,0.0,0.5206
161876,-0.1244,0.0792,0.9566,0.0,0.6246
161892,-0.1263,0.0844,0.967,0.0,0.2232
161908,-0.1346,0.0898,1.0143,0.0,0.0
161924,-0.1252,0.062,0.9604,0.0,0.0604
161940,-0.124,0.0724,0.956,0.0,0.5133
161956,-0.1289,0.0768,0.9798,0.0,0.6374
161973,-0.1277,0.0624,0.97,0.0,0.2522
161989,-0.126,0.0629,0.9567,0.0,0.0218
162005,-0.1266,0.0632,0.9578,0.0,0.0
162021,-0.1284,0.0731,0.955,0.0,0.4561
162037,-0.1298,0.0676,0.9623,0.0,0.6568
162053,-0.1456,0.0959,0.9395,0.0,0.3666
162070,-0.1275,0.0875,0.9456,0.0,0.0588
162086,-0.1458,0.0812,0.9661,0.0,0.0
162102,-0.1265,0.1185,0.9237,0.0,0.3972
162118,-0.1398,0.1083,0.932,0.0,0.6576
162134,-0.1029,-0.0029,0.9922,0.0,0.5069
162150,-0.1177,0.0717,0.9988,0.0,0.0943
162167,-0.1231,0.0631,0.9434,0.0,0.0
162183,-0.1231,0.0704,0.9535,0.0,0.3094
162199,-0.1293,0.0882,0.9457,0.0,0.5568
162216,-0.1261,0.0803,0.9613,0.0,0.6415
162232,-0.1277,0.0821,0.9653,0.0,0.1644
162248,-0.1272,0.0798,0.9623,0.0,0.0
162264,-0.1268,0.0784,0.965,0.0,0.0862
162280,-0.1256,0.0767,0.9667,0.0,0.5447
162297,-0.1266,0.0794,0.9638,0.0,0.6503
162313,-0.126,0.0783,0.9668,0.0,0.2442
162329,-0.127,0.0789,0.9663,0.0,0.0169
162345,-0.1259,0.0796,0.9614,0.0,0.0
162361,-0.1256,0.0776,0.9655,0.0,0.4763
162377,-0.1273,0.0797,0.9675,0.0,0.6447
162394,-0.1255,0.0774,0.9648,0.0,0.3537
162410,-0.1236,0.0617,0.9555,0.0,0.0491
162426,-0.1247,0.0754,0.9586,0.0,0.0
162442,-0.1262,0.0754,0.9549,0.0,0.3723
162458,-0.1226,0.0783,0.9573,0.0,0.5891
162474,-0.1217,0.0842,0.9693,0.0,0.4336
162491,-0.1355,0.0715,1.0119,0.0,0.0798
162507,-0.1349,0.0736,0.9662,0.0,0.0
162523,-0.1206,0.0753,0.9595,0.0,0.2619
162539,-0.1247,0.0838,0.9571,0.0,0.5101
162555,-0.125,0.077,0.957,0.0,0.4537
162571,-0.1323,0.0709,0.9626,0.0,0.083
162587,-0.1272,0.0855,0.96,0.0,0.0
162603,-0.1264,0.0775,0.9716,0.0,0.2281
162619,-0.1236,0.0713,0.9739,0.0,0.4746
162636,-0.1302,0.0775,0.9646,0.0,0.444
162652,-0.1279,0.0855,0.9691,0.0,0.1128
162668,-0.1342,0.0234,0.8664,0.0,0.0
162684,-0.1205,0.1302,0.9751,0.0,0.1152
162700,-0.1144,0.0674,0.9818,0.0,0.4069
162716,-0.1325,0.0995,0.9755,0.0,0.4223
162732,-0.1239,0.0434,0.9868,0.0,0.1265
162748,-0.1246,0.0741,0.9555,0.0,0.0097
162764,-0.1305,0.0706,0.9783,0.0,0.0717
162781,-0.1226,0.0561,0.9466,0.0,0.3433
162797,-0.1308,0.1375,1.0707,0.0,0.4199
162813,-0.1119,0.0197,0.8991,0.0,0.1845
162829,-0.136,0.0885,0.973,0.0,0.0226
162845,-0.1238,0.0846,0.9532,0.0,0.0073
162861,-0.1308,0.0979,0.9748,0.0,0.3296
162877,-0.1224,0.0773,0.9685,0.0,0.4311
162893,-0.1288,0.0754,0.9664,0.0,0.2054
162909,-0.1279,0.0831,0.9657,0.0,0.0363
162926,-0.1297,0.0799,0.9716,0.0,0.0
162942,-0.1301,0.1371,1.0734,0.0,0.2812
162958,-0.1315,0.1645,1.065,0.0,0.4344
162974,-0.1215,0.1404,1.0488,0.0,0.2998
162990,-0.1147,0.1176,0.9935,0.0,0.0661
163006,-0.127,0.0342,0.9444,0.0,0.0
163022,-0.1288,0.081,0.9703,0.0,0.2764
163038,-0.116,0.0765,0.9776,0.0,0.4569
163054,-0.1268,0.0886,0.9346,0.0,0.3409
163071,-0.1246,0.0844,0.9633,0.0,0.0725
163087,-0.1427,0.0792,0.9504,0.0,0.0
163103,-0.125,0.1013,0.9394,0.0,0.216
163119,-0.139,0.0774,0.8754,0.0,0.4577
163135,-0.1237,0.0572,0.9317,0.0,0.4295
163151,-0.1277,0.0624,0.9732,0.0,0.112
163168,-0.1243,0.0738,0.9739,0.0,0.0
163184,-0.127,0.0811,0.9698,0.0,0.1289
163200,-0.1255,0.0756,0.9612,0.0,0.4497
163216,-0.126,0.0766,0.9618,0.0,0.5085
163232,-0.1269,0.0788,0.96,0.0,0.1636
163248,-0.1313,0.0757,1.0006,0.0,0.0073
163265,-0.1186,0.0723,0.9584,0.0,0.0145
163281,-0.1275,0.0316,0.9177,0.0,0.4344
163297,-0.117,0.0211,0.9045,0.0,0.5794
163313,-0.1344,0.032,0.9343,0.0,0.2691
163329,-0.1236,0.08,0.9496,0.0,0.033
163345,-0.1264,0.0819,0.9826,0.0,0.0
163361,-0.1293,0.0777,0.955,0.0,0.4553
163377,-0.1259,0.0789,0.9661,0.0,0.6229
163393,-0.1306,0.0802,0.9728,0.0,0.3255
163410,-0.129,0.0749,0.9642,0.0,0.0467
163426,-0.1243,0.0785,0.9654,0.0,0.0
163442,-0.1217,0.0765,0.961,0.0,0.3989
163458,-0.1271,0.0798,0.9629,0.0,0.6527
163474,-0.1248,0.0762,0.9649,0.0,0.4827
163490,-0.1282,0.0786,0.9669,0.0,0.0572
163506,-0.127,0.078,0.9646,0.0,0.0
163522,-0.1273,0.0792,0.9639,0.0,0.2554
163540,-0.1224,0.0766,0.9643,0.0,0.6116
163556,-0.127,0.0803,0.9647,0.0,0.627
163572,-0.1244,0.0778,0.9641,0.0,0.17
163588,-0.125,0.0773,0.9643,0.0,0.0
163604,-0.1277,0.0784,0.965,0.0,0.0943
163620,-0.127,0.0776,0.9618,0.0,0.5737
163637,-0.1251,0.0784,0.9637,0.0,0.6826
163653,-0.1269,0.078,0.9645,0.0,0.2554
163669,-0.126,0.0773,0.9647,0.0,0.0201
163685,-0.1248,0.0791,0.9652,0.0,0.0
163701,-0.1249,0.0773,0.9649,0.0,0.5391
163717,-0.1281,0.0825,0.9687,0.0,0.7325
163734,-0.1256,0.0694,0.9583,0.0,0.394
163750,-0.1267,0.0829,0.9596,0.0,0.0475
163766,-0.1265,0.0663,0.9656,0.0,0.0
163782,-0.1256,0.0803,0.9644,0.0,0.4473
163798,-0.1262,0.0797,0.9652,0.0,0.7067
163814,-0.1259,0.0774,0.9601,0.0,0.4352
163830,-0.1246,0.0766,0.9679,0.0,0.0765
163846,-0.1239,0.078,0.9698,0.0,0.0
163862,-0.1278,0.0656,0.9645,0.0,0.3554
163879,-0.1248,0.0838,0.9358,0.0,0.6479
163895,-0.1264,0.061,0.9688,0.0,0.552
163911,-0.1191,0.0492,0.982,0.0,0.1217
163927,-0.1114,0.0909,0.9504,0.0,0.0
163943,-0.134,0.1206,0.9788,0.0,0.2474
163960,-0.1301,0.0248,0.8822,0.0,0.6036
163976,-0.1594,0.0029,0.9078,0.0,0.6164
163992,-0.1357,0.126,1.0279,0.0,0.1732
164008,-0.1421,0.0955,0.943,0.0,0.0
164024,-0.1254,0.0748,1.0342,0.0,0.0951
164040,-0.1215,0.0717,0.8513,0.0,0.5367
164056,-0.121,0.0125,0.8572,0.0,0.6334
164072,-0.1278,0.0301,0.9484,0.0,0.1893
164088,-0.1257,0.0593,0.9491,0.0,0.004
164104,-0.1169,0.0618,0.993,0.0,0.0451
164121,-0.1255,0.0827,0.9664,0.0,0.5101
164137,-0.1249,0.0678,0.9616,0.0,0.6544
164153,-0.1231,0.0598,0.9664,0.0,0.2804
164169,-0.1086,0.1201,1.0091,0.0,0.0346
164185,-0.0974,0.0286,1.0843,0.0,0.0
164202,-0.139,0.0556,0.9757,0.0,0.4327
164218,-0.1406,0.0793,0.9558,0.0,0.6648
164234,-0.1208,0.0703,0.9597,0.0,0.4231
164250,-0.1247,0.0755,1.0047,0.0,0.0765
164266,-0.1279,0.0761,0.9547,0.0,0.0
164282,-0.1176,0.0737,1.0042,0.0,0.3521
164299,-0.1322,0.085,0.9579,0.0,0.6487
164315,-0.1262,0.0837,0.9818,0.0,0.5359
164331,-0.1147,0.0551,0.9863,0.0,0.1192
164347,-0.1316,0.0839,0.9635,0.0,0.0
164363,-0.1251,0.0694,0.9547,0.0,0.2546
164379,-0.1258,0.0701,0.963,0.0,0.6011
164396,-0.103,0.0377,1.0144,0.0,0.6052
164412,-0.0844,-0.0008,1.0873,0.0,0.1636
164428,-0.1194,0.0558,0.9323,0.0,0.0
164444,-0.1198,0.0747,0.9721,0.0,0.1015
164460,-0.1235,0.0884,0.9578,0.0,0.5407
164476,-0.137,0.0895,0.8588,0.0,0.6278
164492,-0.1421,0.0502,0.892,0.0,0.1845
164508,-0.1205,-0.0094,1.0377,0.0,0.004
164524,-0.1234,0.0669,0.9269,0.0,0.0548
164541,-0.1091,0.0511,0.9924,0.0,0.5214
164557,-0.1223,0.0895,0.9587,0.0,0.66
164573,-0.1206,0.0752,0.9543,0.0,0.2772
164589,-0.1267,0.0887,0.9666,0.0,0.033
164605,-0.1366,0.0846,0.9694,0.0,0.0
164621,-0.1155,0.0869,0.9463,0.0,0.4972
164637,-0.1225,0.0688,0.9964,0.0,0.6664
164653,-0.1234,0.0584,0.9632,0.0,0.3054
164669,-0.1291,0.0536,1.0043,0.0,0.0443
164686,-0.1164,0.0643,0.9604,0.0,0.0
164702,-0.1193,0.0592,1.0241,0.0,0.4207
164718,-0.1193,0.0697,0.9796,0.0,0.664
164734,-0.1294,0.0645,1.0004,0.0,0.4489
164750,-0.1168,0.064,0.9555,0.0,0.0862
164766,-0.1364,0.093,0.9867,0.0,0.0
164782,-0.1253,0.0745,0.9609,0.0,0.394
164798,-0.1273,0.0749,0.9735,0.0,0.6544
164814,-0.1261,0.0769,0.9656,0.0,0.4851
164831,-0.1253,0.078,0.9651,0.0,0.0951
164847,-0.1261,0.0765,0.9664,0.0,0.0
164864,-0.1253,0.0757,0.9711,0.0,0.1281
164880,-0.1308,0.0797,0.9977,0.0,0.5327
164896,-0.119,0.0841,0.9542,0.0,0.6262
164913,-0.1254,0.0491,0.9478,0.0,0.2224
164929,-0.128,0.1001,0.9891,0.0,0.0169
164945,-0.1334,0.0926,0.9861,0.0,0.0
164961,-0.1306,0.0706,0.9465,0.0,0.4569
164977,-0.1321,0.0551,0.9549,0.0,0.631
164993,-0.1242,0.0842,0.976,0.0,0.2434
165009,-0.1252,0.0796,0.9661,0.0,0.0298
165025,-0.1256,0.0797,0.9555,0.0,0.0
165041,-0.127,0.0807,0.9703,0.0,0.4271
165058,-0.1262,0.0796,0.9627,0.0,0.6019
165074,-0.1244,0.0721,0.9495,0.0,0.3433
165090,-0.1256,0.0716,0.9679,0.0,0.0604
165106,-0.1248,0.079,0.9624,0.0,0.0
165122,-0.1318,0.0818,0.9857,0.0,0.3296
165138,-0.1282,0.0794,0.9685,0.0,0.5665
165154,-0.1389,0.0726,0.9686,0.0,0.3562
165170,-0.1377,0.0947,0.9932,0.0,0.0604
165186,-0.1143,0.06,0.9875,0.0,0.0
165203,-0.1208,0.0986,0.9742,0.0,0.3505
165219,-0.1271,0.0937,0.9678,0.0,0.552
165235,-0.1235,0.0922,0.9685,0.0,0.4061
165251,-0.1267,0.0711,0.9779,0.0,0.0798
165267,-0.1254,0.0867,0.9456,0.0,0.0
165283,-0.1465,0.0391,0.9464,0.0,0.2313
165300,-0.1608,0.1172,1.0124,0.0,0.4327
165316,-0.1419,0.1763,1.1034,0.0,0.3771
165332,-0.1057,0.0893,1.0032,0.0,0.12
165348,-0.1339,0.0985,0.9976,0.0,0.0056
165364,-0.127,0.0881,0.9552,0.0,0.0991
165381,-0.128,0.0687,0.9656,0.0,0.3457
165397,-0.1247,0.0792,0.9662,0.0,0.3908
165413,-0.1291,0.0815,0.9662,0.0,0.1571
165429,-0.1243,0.0791,0.9686,0.0,0.0209
165445,-0.1254,0.0786,0.9664,0.0,0.0314
165461,-0.0962,0.0592,1.0011,0.0,0.2949
165478,-0.1362,0.0643,0.949,0.0,0.3844
165494,-0.1117,0.0898,0.9727,0.0,0.2006
165510,-0.1365,0.0888,0.9454,0.0,0.0451
165526,-0.141,0.0642,0.9395,0.0,0.0016
165542,-0.1325,0.0867,0.9557,0.0,0.2297
165558,-0.1189,0.0533,1.0154,0.0,0.365
165574,-0.1082,0.0411,1.0378,0.0,0.2168
165590,-0.1329,0.116,0.9513,0.0,0.0564
165606,-0.1271,0.095,0.9457,0.0,0.0
165623,-0.1261,0.0813,0.9637,0.0,0.2136
165639,-0.123,0.0753,0.9797,0.0,0.3554
165655,-0.1217,0.0731,0.9666,0.0,0.2788
165671,-0.1275,0.0824,0.9595,0.0,0.0782
165687,-0.1256,0.0747,0.967,0.0,0.0
165703,-0.1244,0.0779,0.9622,0.0,0.1732
165720,-0.1251,0.0755,0.9687,0.0,0.3441
165736,-0.1259,0.0787,0.9622,0.0,0.3328
165752,-0.1276,0.0783,0.9646,0.0,0.1096
165768,-0.1262,0.0786,0.9643,0.0,0.0056
165784,-0.1264,0.0779,0.9653,0.0,0.0975
165800,-0.1257,0.0787,0.9632,0.0,0.3529
165816,-0.1269,0.0777,0.9659,0.0,0.3682
165832,-0.1257,0.0782,0.9647,0.0,0.1257
165848,-0.1262,0.0788,0.9672,0.0,0.0081
165865,-0.1268,0.0772,0.9643,0.0,0.0669
165881,-0.1262,0.0783,0.9677,0.0,0.3328
165897,-0.1268,0.0791,0.9662,0.0,0.4191
165913,-0.1273,0.0789,0.9609,0.0,0.1837
165929,-0.1265,0.0795,0.9624,0.0,0.0314
165946,-0.1266,0.0797,0.9635,0.0,0.0
165962,-0.1264,0.0784,0.9636,0.0,0.2917
165978,-0.1266,0.0761,0.9704,0.0,0.444
165994,-0.1239,0.0787,0.9621,0.0,0.2732
166010,-0.1244,0.064,0.9483,0.0,0.0572
166026,-0.1257,0.0565,0.9592,0.0,0.0
166043,-0.1301,0.1034,0.9188,0.0,0.2522
166059,-0.1272,0.0885,0.9464,0.0,0.4545
166075,-0.1288,0.0653,0.9572,0.0,0.3707
166091,-0.1245,0.0815,0.9562,0.0,0.0894
166107,-0.1265,0.0788,0.9825,0.0,0.0
166123,-0.1344,0.0836,0.9462,0.0,0.199
166140,-0.1276,0.0993,0.9598,0.0,0.4473
166156,-0.126,0.077,0.9417,0.0,0.4505
166172,-0.127,0.0787,0.934,0.0,0.1345
166189,-0.124,0.0518,1.0114,0.0,0.0234
166205,-0.1184,0.0835,0.9681,0.0,0.0
166222,-0.1298,0.0888,0.9887,0.0,0.3425
166238,-0.1177,0.0508,0.9323,0.0,0.5198
166254,-0.1355,0.0608,0.9483,0.0,0.3054
166270,-0.1202,0.0329,0.9181,0.0,0.0604
166286,-0.1354,0.0528,0.93,0.0,0.0
166303,-0.1232,0.0578,0.9822,0.0,0.2869
166319,-0.1248,0.0979,0.9956,0.0,0.523
166335,-0.1165,0.1085,0.9757,0.0,0.4279
166351,-0.1214,0.1193,1.0008,0.0,0.0967
166367,-0.128,0.0739,0.9259,0.0,0.0
166383,-0.1263,0.0757,0.9926,0.0,0.2281
166399,-0.1247,0.0816,0.9626,0.0,0.5318
166415,-0.1244,0.0782,0.9464,0.0,0.4601
166431,-0.1276,0.0728,0.9823,0.0,0.112
166447,-0.1251,0.0762,0.9632,0.0,0.0
166464,-0.1269,0.0739,0.9771,0.0,0.2103
166480,-0.1246,0.0769,0.96,0.0,0.5012
166496,-0.1266,0.0767,0.9658,0.0,0.527
166512,-0.1256,0.0779,0.9633,0.0,0.1603
166528,-0.1262,0.0777,0.9631,0.0,0.0
166544,-0.1259,0.0778,0.9653,0.0,0.17
166560,-0.1261,0.0778,0.9636,0.0,0.5004
166576,-0.1263,0.0786,0.9661,0.0,0.5528
166592,-0.1259,0.0784,0.9654,0.0,0.1781
166609,-0.126,0.0786,0.9639,0.0,0.0073
166625,-0.1262,0.0783,0.9647,0.0,0.0387
166641,-0.1264,0.0784,0.9667,0.0,0.4513
166657,-0.1258,0.0777,0.9654,0.0,0.5907
166673,-0.128,0.078,0.9689,0.0,0.2571
166689,-0.1277,0.0782,0.9759,0.0,0.0137
166705,-0.1271,0.0784,0.9779,0.0,0.0089
166721,-0.1259,0.0806,0.9647,0.0,0.4513
166737,-0.1232,0.0753,0.9944,0.0,0.606
166754,-0.1264,0.0795,0.9404,0.0,0.2957
166770,-0.127,0.0777,0.9962,0.0,0.0475
166786,-0.1296,0.0747,1.0127,0.0,0.0
166802,-0.1308,0.0765,0.9783,0.0,0.3771
166818,-0.1202,0.069,0.9731,0.0,0.6164
166835,-0.1292,0.0894,0.9816,0.0,0.4344
166851,-0.1273,0.0865,0.9668,0.0,0.0846
166867,-0.1248,0.0879,0.9664,0.0,0.0
166883,-0.126,0.0649,0.9634,0.0,0.3054
166899,-0.1228,0.0655,0.9515,0.0,0.6019
166915,-0.1287,0.1123,0.9836,0.0,0.5383
166932,-0.1203,0.0614,0.9151,0.0,0.1313
166948,-0.13,0.0258,0.8987,0.0,0.0
166964,-0.1129,0.0056,0.9184,0.0,0.2127
166980,-0.1275,0.083,1.0783,0.0,0.56
166996,-0.1304,0.0929,0.8646,0.0,0.5971
167012,-0.1315,0.1044,0.9835,0.0,0.1829
167029,-0.1224,0.0402,1.05,0.0,0.0
167045,-0.1205,0.0785,0.8899,0.0,0.0765
167061,-0.1331,0.099,0.9622,0.0,0.5133
167077,-0.1303,0.0726,0.9614,0.0,0.6407
167093,-0.1239,0.0737,0.958,0.0,0.2538
167109,-0.1251,0.0781,0.9564,0.0,0.0266
167126,-0.127,0.0758,0.9662,0.0,0.0
167142,-0.1269,0.0771,0.967,0.0,0.4489
167158,-0.1259,0.0765,0.9652,0.0,0.6544
167174,-0.1259,0.0789,0.9652,0.0,0.3682
167190,-0.1267,0.0793,0.9671,0.0,0.0628
167206,-0.1267,0.0768,0.9564,0.0,0.0
167223,-0.1362,0.0853,0.9209,0.0,0.3699
167239,-0.1363,0.0882,0.9509,0.0,0.6423
167255,-0.1252,0.0756,0.9751,0.0,0.5061
167271,-0.1302,0.0845,0.9728,0.0,0.1096
167287,-0.121,0.0954,1.0097,0.0,0.0
167303,-0.1484,0.1,0.9449,0.0,0.2869
167320,-0.1291,0.0595,0.9148,0.0,0.6052
167336,-0.1191,0.0486,0.971,0.0,0.5786
167352,-0.1454,0.0608,0.9378,0.0,0.1482
167368,-0.1368,0.0944,0.9298,0.0,0.0
167384,-0.1301,0.0615,0.9837,0.0,0.1603
167401,-0.1258,0.1237,0.9438,0.0,0.5512
167417,-0.1298,0.0437,0.9132,0.0,0.6278
167433,-0.1273,0.0486,0.9102,0.0,0.1974
167449,-0.1341,0.0439,0.994,0.0,0.0081
167465,-0.1268,0.0971,0.9166,0.0,0.0218
167481,-0.138,0.0963,0.9582,0.0,0.4956
167498,-0.1176,0.0822,0.9334,0.0,0.6568
167514,-0.128,0.0898,0.9261,0.0,0.4754
167531,-0.1311,0.087,0.9632,0.0,0.0943
167547,-0.1279,0.0762,0.9742,0.0,0.0
167563,-0.1275,0.0808,0.9649,0.0,0.3183
167579,-0.1265,0.0765,0.9658,0.0,0.6527
167595,-0.1265,0.0742,0.9656,0.0,0.5214
167611,-0.126,0.0785,0.9533,0.0,0.1096
167627,-0.1265,0.0758,0.9613,0.0,0.0
167644,-0.1257,0.0729,0.9561,0.0,0.2804
167660,-0.1248,0.0757,0.9764,0.0,0.606
167676,-0.1289,0.0717,0.9226,0.0,0.5979
167692,-0.1243,0.0585,0.939,0.0,0.1507
167708,-0.1249,0.0675,0.9478,0.0,0.0
167724,-0.127,0.0753,0.952,0.0,0.2434
167740,-0.1267,0.0811,0.9347,0.0,0.5891
167756,-0.1277,0.081,0.9623,0.0,0.61
167772,-0.1235,0.0754,0.9528,0.0,0.1644
167789,-0.1245,0.0778,0.9562,0.0,0.0
167805,-0.1266,0.0796,0.966,0.0,0.0967
167821,-0.1307,0.077,0.9647,0.0,0.5278
167837,-0.1075,0.0819,0.9576,0.0,0.635
167853,-0.1221,0.0747,0.966,0.0,0.2353
167870,-0.1252,0.0667,0.9953,0.0,0.0209
167886,-0.1066,0.0713,0.9648,0.0,0.0
167902,-0.1195,0.081,0.9416,0.0,0.4561
167918,-0.1268,0.0797,0.9379,0.0,0.6439
167934,-0.1219,0.0769,0.969,0.0,0.3392
167950,-0.1314,0.0836,0.9832,0.0,0.0588
167967,-0.1252,0.0798,0.9589,0.0,0.0
167983,-0.1234,0.0724,0.9608,0.0,0.3811
167999,-0.1263,0.0864,0.9628,0.0,0.6358
168015,-0.117,0.0675,1.0109,0.0,0.4682
168031,-0.1289,0.098,1.0359,0.0,0.0927
168047,-0.13,0.0738,0.9364,0.0,0.0
168064,-0.1209,0.0995,0.9708,0.0,0.303
168080,-0.1311,0.0846,0.9237,0.0,0.5979
168096,-0.1362,0.0928,1.0027,0.0,0.5472
168112,-0.1262,0.0786,0.975,0.0,0.1329
168128,-0.1261,0.0829,0.9639,0.0,0.0
168144,-0.1282,0.0796,0.9699,0.0,0.1861
168161,-0.1257,0.0782,0.9672,0.0,0.5407
168177,-0.1246,0.0782,0.958,0.0,0.5778
168193,-0.1277,0.075,0.9764,0.0,0.1748
168209,-0.1342,0.0594,0.9563,0.0,0.0048
168225,-0.1197,0.0872,0.9811,0.0,0.0395
168241,-0.1178,0.0523,1.0018,0.0,0.4763
168258,-0.1302,0.0834,0.9376,0.0,0.61
168274,-0.1199,0.0967,1.0031,0.0,0.2651
168290,-0.1301,0.0845,0.9628,0.0,0.0322
168306,-0.1263,0.0759,0.9696,0.0,0.0
168322,-0.1271,0.0801,0.9594,0.0,0.3989
168338,-0.1267,0.0772,0.9626,0.0,0.6052
168354,-0.1264,0.078,0.9641,0.0,0.2893
168370,-0.1266,0.0803,0.9654,0.0,0.0475
168386,-0.1267,0.0791,0.9649,0.0,0.0
168403,-0.1272,0.083,0.9596,0.0,0.3827
168419,-0.125,0.0841,0.9531,0.0,0.6116
168435,-0.1248,0.0744,0.9952,0.0,0.4174
168451,-0.13,0.0661,0.9459,0.0,0.0798
168467,-0.1295,0.0647,0.9377,0.0,0.0
168483,-0.1189,0.066,0.9782,0.0,0.3094
168500,-0.1307,0.0816,0.9644,0.0,0.5987
168516,-0.117,0.0804,0.984,0.0,0.5222
168532,-0.1342,0.0898,0.9632,0.0,0.12
168548,-0.1225,0.0681,0.9618,0.0,0.0
168564,-0.1302,0.0792,0.9835,0.0,0.2176
168580,-0.1204,0.069,0.9514,0.0,0.5907
168596,-0.1226,0.067,0.9705,0.0,0.5472
168612,-0.1206,0.0888,0.9995,0.0,0.1362
168628,-0.137,0.1206,0.9711,0.0,0.0
168645,-0.1123,0.0347,1.0064,0.0,0.1772
168661,-0.1201,0.0941,0.9457,0.0,0.548
168677,-0.1045,0.0806,1.0573,0.0,0.6027
168693,-0.1281,0.0597,1.0325,0.0,0.1909
168709,-0.1033,0.0251,0.9928,0.0,0.0089
168725,-0.1332,0.0583,0.8402,0.0,0.0403
168742,-0.1153,0.0646,0.9604,0.0,0.4851
168758,-0.135,0.0849,0.9157,0.0,0.631
168774,-0.1356,0.1373,0.9783,0.0,0.2796
168790,-0.1235,0.0919,0.9503,0.0,0.0298
168806,-0.1248,0.081,0.9729,0.0,0.0
168822,-0.1299,0.0865,0.9603,0.0,0.4706
168838,-0.1249,0.0724,0.9761,0.0,0.6278
168855,-0.1267,0.0785,0.9656,0.0,0.4988
168872,-0.127,0.0772,0.9659,0.0,0.0991
168888,-0.1267,0.0794,0.9641,0.0,0.0
168904,-0.1262,0.0796,0.9643,0.0,0.2732
168920,-0.1255,0.0769,0.9631,0.0,0.5923
168936,-0.1265,0.0781,0.9661,0.0,0.5794
168952,-0.1268,0.0786,0.9656,0.0,0.1217
168968,-0.1262,0.0778,0.9646,0.0,0.0
168984,-0.1251,0.079,0.9659,0.0,0.2401
169000,-0.1258,0.077,0.9665,0.0,0.5754
169017,-0.1303,0.0799,0.9661,0.0,0.5915
169033,-0.1252,0.0805,0.9663,0.0,0.17
169049,-0.1269,0.0792,0.9644,0.0,0.0008
169065,-0.1273,0.0793,0.9642,0.0,0.0878
169081,-0.127,0.0775,0.963,0.0,0.5133
169097,-0.1258,0.0764,0.9674,0.0,0.61
169113,-0.1273,0.0791,0.9661,0.0,0.1853
169129,-0.1254,0.0771,0.9651,0.0,0.0032
169145,-0.1245,0.077,0.9638,0.0,0.054
169162,-0.125,0.0792,0.9641,0.0,0.5077
169178,-0.1286,0.0788,0.9655,0.0,0.6568
169194,-0.129,0.078,0.9649,0.0,0.274
169210,-0.1237,0.0793,0.9651,0.0,0.0346
169226,-0.1248,0.0789,0.964,0.0,0.0
169242,-0.1267,0.0788,0.964,0.0,0.4754
169258,-0.126,0.0784,0.9658,0.0,0.6527
169274,-0.1245,0.0782,0.9647,0.0,0.3054
169290,-0.1272,0.0786,0.9652,0.0,0.0491
169307,-0.126,0.0798,0.9658,0.0,0.0
169323,-0.1252,0.0807,0.9744,0.0,0.3997
169339,-0.1242,0.0877,1.0026,0.0,0.6487
169355,-0.1246,0.0986,0.9915,0.0,0.4473
169371,-0.1295,0.0856,0.9791,0.0,0.0878
169387,-0.1297,0.0832,0.9771,0.0,0.0
169404,-0.1251,0.0745,0.9564,0.0,0.3143
169420,-0.1254,0.0828,0.9518,0.0,0.614
169436,-0.1408,0.1021,0.9842,0.0,0.5544
169452,-0.1213,0.1001,0.921,0.0,0.1354
169468,-0.115,0.0544,0.9921,0.0,0.0
169484,-0.1249,0.0983,0.907,0.0,0.2885
169500,-0.1223,0.039,0.9833,0.0,0.5899
169516,-0.1409,0.0693,0.9985,0.0,0.5665
169532,-0.1282,0.0862,0.9248,0.0,0.1458
169549,-0.1229,0.0704,0.9384,0.0,0.0
169565,-0.1329,0.073,0.9969,0.0,0.1652
169581,-0.1244,0.0679,0.9734,0.0,0.527
169597,-0.1357,0.0424,0.9381,0.0,0.5987
169613,-0.1241,0.0656,0.9568,0.0,0.1934
169629,-0.1233,0.0635,0.9576,0.0,0.0073
169646,-0.1272,0.0829,0.9625,0.0,0.0282
169662,-0.1277,0.0787,0.9677,0.0,0.4585
169678,-0.1275,0.0777,0.9653,0.0,0.6237
169694,-0.1254,0.0784,0.9636,0.0,0.278
169710,-0.1291,0.079,0.9665,0.0,0.0427
169726,-0.1228,0.0666,1.0383,0.0,0.0
169742,-0.1406,0.1083,0.9212,0.0,0.4448
169758,-0.12,0.0824,0.9493,0.0,0.6254
169774,-0.1378,0.093,0.9464,0.0,0.3135
169791,-0.1285,0.0755,0.9717,0.0,0.0556
169807,-0.13,0.0637,0.9916,0.0,0.0
169823,-0.1167,0.0758,0.9481,0.0,0.3755
169839,-0.1243,0.0824,0.9271,0.0,0.6342
169855,-0.1311,0.093,0.9666,0.0,0.4336
169871,-0.1257,0.0615,0.9941,0.0,0.0878
169888,-0.1293,0.0844,0.9771,0.0,0.0
169904,-0.1233,0.078,0.9576,0.0,0.3054
169920,-0.1229,0.0742,0.9415,0.0,0.6052
169936,-0.1344,0.082,1.0079,0.0,0.5504
169952,-0.1168,0.0884,0.9157,0.0,0.1345
169969,-0.1348,0.0681,1.0035,0.0,0.0
169985,-0.1258,0.086,0.97,0.0,0.2168
170001,-0.1285,0.0748,0.9716,0.0,0.5737
170017,-0.1259,0.0796,0.9666,0.0,0.6124
170033,-0.1268,0.073,0.9746,0.0,0.1861
170049,-0.127,0.0797,0.9663,0.0,0.0
170066,-0.1262,0.0806,0.9586,0.0,0.0717
170082,-0.1261,0.0754,0.9674,0.0,0.5125
170098,-0.1267,0.0808,0.9653,0.0,0.6479
170114,-0.1285,0.0812,0.9656,0.0,0.2522
170130,-0.1249,0.0773,0.9654,0.0,0.0314
170146,-0.1242,0.0755,0.9667,0.0,0.0
170163,-0.127,0.0778,0.9653,0.0,0.3409
170180,-0.1257,0.0804,0.9673,0.0,0.6399
170196,-0.1241,0.078,0.9592,0.0,0.5584
170212,-0.1339,0.0687,0.9751,0.0,0.1241
170228,-0.1108,0.0693,0.9803,0.0,0.0
170244,-0.1214,0.0451,1.0369,0.0,0.3602
170260,-0.1321,0.0902,1.0001,0.0,0.6882
170276,-0.1182,0.0793,0.9131,0.0,0.6052
170293,-0.1371,0.0802,1.0129,0.0,0.1265
170309,-0.1208,0.0881,0.9041,0.0,0.0
170325,-0.1409,0.0933,0.9643,0.0,0.2522
170341,-0.1287,0.0784,0.9789,0.0,0.6568
170357,-0.1144,0.086,0.9764,0.0,0.6681
170373,-0.1182,0.0565,0.9438,0.0,0.1692
170390,-0.132,0.0749,0.9909,0.0,0.004
170406,-0.1262,0.0712,1.0077,0.0,0.0878
170422,-0.1269,0.0818,0.9611,0.0,0.5834
170438,-0.1247,0.0777,0.9735,0.0,0.7051
170454,-0.1376,0.0888,0.9346,0.0,0.2643
170471,-0.1281,0.0816,0.9469,0.0,0.0201
170487,-0.1283,0.077,0.9768,0.0,0.0
170503,-0.1289,0.0807,0.9871,0.0,0.5093
170519,-0.1265,0.0821,0.9829,0.0,0.7172
170535,-0.1279,0.0836,0.9755,0.0,0.3892
170551,-0.1269,0.0791,0.9669,0.0,0.0572
170568,-0.126,0.0795,0.9623,0.0,0.0
170584,-0.1256,0.0761,0.9633,0.0,0.4327
170600,-0.1253,0.0786,0.9619,0.0,0.7091
170616,-0.1269,0.0772,0.9664,0.0,0.5512
170632,-0.1261,0.078,0.9647,0.0,0.0975
170648,-0.1272,0.0779,0.9643,0.0,0.0
170665,-0.1259,0.0786,0.9663,0.0,0.3263
170681,-0.1262,0.0774,0.9646,0.0,0.6769
170697,-0.1266,0.0776,0.9658,0.0,0.6326
170713,-0.1267,0.0777,0.9647,0.0,0.145
170729,-0.126,0.0792,0.9636,0.0,0.0
170745,-0.1279,0.0787,0.9647,0.0,0.1724
170762,-0.127,0.0795,0.9657,0.0,0.6278
170778,-0.1257,0.0785,0.9632,0.0,0.6874
170794,-0.1263,0.0779,0.9649,0.0,0.199
170810,-0.126,0.0784,0.9652,0.0,0.0056
170826,-0.1269,0.0786,0.9644,0.0,0.0282
170842,-0.1257,0.0777,0.9645,0.0,0.6036
170858,-0.1261,0.0783,0.9643,0.0,0.7003
170874,-0.1266,0.0788,0.9652,0.0,0.2369
170890,-0.1253,0.0786,0.9581,0.0,0.0145
170907,-0.1263,0.0778,0.9642,0.0,0.0
170923,-0.1262,0.0759,0.9667,0.0,0.5327
170939,-0.1251,0.0746,0.9582,0.0,0.7293
170955,-0.1257,0.0761,0.9541,0.0,0.3666
170971,-0.1264,0.0852,0.9642,0.0,0.0483
170988,-0.1253,0.0764,0.9688,0.0,0.0
171004,-0.1205,0.0724,0.959,0.0,0.4537
171020,-0.1183,0.085,0.9524,0.0,0.7301
171036,-0.1256,0.0946,1.0066,0.0,0.5327
171052,-0.1376,0.0906,0.9528,0.0,0.0854
171068,-0.128,0.0928,0.9259,0.0,0.0
171084,-0.1327,0.0636,1.0029,0.0,0.4408
171100,-0.1311,0.0995,0.9701,0.0,0.7293
171116,-0.111,0.0581,0.979,0.0,0.5649
171133,-0.1372,0.1027,0.9293,0.0,0.0991
171149,-0.1345,0.0997,0.9618,0.0,0.0
171165,-0.1198,0.0809,0.9587,0.0,0.3409
171181,-0.1268,0.0696,0.936,0.0,0.6938
171197,-0.1251,0.0613,0.9626,0.0,0.66
171213,-0.1272,0.0709,0.9848,0.0,0.1499
171230,-0.1303,0.0829,0.9841,0.0,0.0
171246,-0.1303,0.0844,0.9816,0.0,0.1829
171262,-0.1269,0.0804,0.9551,0.0,0.6358
171278,-0.1281,0.0826,0.9811,0.0,0.7148
171294,-0.1251,0.0789,0.9572,0.0,0.2152
171310,-0.1263,0.0765,0.9711,0.0,0.004
171327,-0.1271,0.0803,0.9704,0.0,0.0097
171343,-0.1262,0.0739,0.9753,0.0,0.5657
171359,-0.1279,0.0763,0.9623,0.0,0.7454
171375,-0.1292,0.0844,0.9502,0.0,0.3392
171391,-0.1279,0.0893,0.9462,0.0,0.0427
171407,-0.1283,0.0806,0.9484,0.0,0.0
171424,-0.1289,0.0755,0.952,0.0,0.4908
171440,-0.1288,0.0722,0.9565,0.0,0.7551
171456,-0.128,0.0653,0.9744,0.0,0.5069
171472,-0.1231,0.0638,0.9859,0.0,0.0846
171488,-0.1233,0.0796,0.9567,0.0,0.0
171505,-0.1286,0.0831,0.9689,0.0,0.3328
171521,-0.1267,0.0862,0.9663,0.0,0.6938
171537,-0.1265,0.09,0.9603,0.0,0.6753
171553,-0.1244,0.075,0.9717,0.0,0.1225
171569,-0.128,0.0826,0.9449,0.0,0.0
171585,-0.1208,0.0736,0.9667,0.0,0.2619
171602,-0.1289,0.0739,0.9616,0.0,0.6536
171618,-0.128,0.0828,0.9702,0.0,0.6793
171634,-0.1282,0.0807,0.9529,0.0,0.1829
171650,-0.1271,0.0946,0.9482,0.0,0.0
171666,-0.128,0.0798,0.9527,0.0,0.0951
171682,-0.1245,0.0826,0.9715,0.0,0.5794
171698,-0.1264,0.0883,0.9689,0.0,0.6785
171714,-0.1248,0.0769,0.9553,0.0,0.1926
171730,-0.1261,0.0827,0.9563,0.0,0.004
171746,-0.1249,0.0737,0.9488,0.0,0.0548
171763,-0.123,0.0798,0.9532,0.0,0.556
171779,-0.1247,0.0806,0.9591,0.0,0.6946
171795,-0.1287,0.0824,0.9645,0.0,0.2812
171811,-0.1315,0.0836,0.9677,0.0,0.0298
171827,-0.1279,0.0842,0.9649,0.0,0.0
171843,-0.1254,0.0835,0.9592,0.0,0.4763
171860,-0.1274,0.0799,0.9624,0.0,0.6761
171876,-0.124,0.0732,0.9638,0.0,0.39
171892,-0.1261,0.0775,0.969,0.0,0.0685
171908,-0.128,0.0802,0.9727,0.0,0.0
171924,-0.1264,0.0782,0.9556,0.0,0.3328
171941,-0.1239,0.0756,0.969,0.0,0.5584
171957,-0.1267,0.0828,0.9797,0.0,0.4601
171973,-0.1273,0.0737,0.9531,0.0,0.108
171989,-0.1232,0.0764,0.9669,0.0,0.0
172005,-0.1251,0.0884,0.9667,0.0,0.2297
172021,-0.1307,0.0828,0.9878,0.0,0.4916
172037,-0.1285,0.079,0.9886,0.0,0.4481
172053,-0.1287,0.0816,0.9785,0.0,0.1128
172069,-0.1293,0.078,0.9787,0.0,0.0
172085,-0.1286,0.0746,0.959,0.0,0.1909
172102,-0.1246,0.0794,0.9842,0.0,0.4601
172118,-0.1227,0.0927,1.0058,0.0,0.4601
172134,-0.1228,0.0961,0.9942,0.0,0.1378
172150,-0.1276,0.0896,0.9635,0.0,0.0048
172166,-0.1266,0.0872,0.9581,0.0,0.0757
172182,-0.1253,0.093,0.9765,0.0,0.4061
172198,-0.1208,0.0765,0.9462,0.0,0.4473
172214,-0.1276,0.0751,0.9811,0.0,0.1491
172230,-0.128,0.1028,1.0326,0.0,0.0089
172247,-0.1232,0.0607,0.9229,0.0,0.0411
172263,-0.1169,0.0793,0.9332,0.0,0.365
172279,-0.1314,0.081,0.9521,0.0,0.4779
172295,-0.1393,0.0782,0.9993,0.0,0.2168
172311,-0.1254,0.0797,0.9843,0.0,0.0346
172328,-0.1236,0.0786,0.973,0.0,0.0
172344,-0.1203,0.065,0.908,0.0,0.3384
172360,-0.1312,0.0888,0.989,0.0,0.5053
172376,-0.1298,0.0849,0.9034,0.0,0.3054
172392,-0.116,0.0826,1.0036,0.0,0.0548
172408,-0.1316,0.0601,0.9775,0.0,0.0
172425,-0.1289,0.0692,0.9505,0.0,0.303
172441,-0.1196,0.0645,0.9597,0.0,0.5149
172457,-0.1269,0.082,0.962,0.0,0.4174
172473,-0.1264,0.0746,0.9557,0.0,0.0814
172489,-0.128,0.0744,0.9553,0.0,0.0
172505,-0.1245,0.0797,0.964,0.0,0.249
172522,-0.1315,0.0511,0.9264,0.0,0.5085
172538,-0.1273,0.1452,1.0405,0.0,0.4859
172554,-0.1209,0.0492,0.9397,0.0,0.1168
172570,-0.1286,0.0808,1.0105,0.0,0.0
172586,-0.1302,0.1007,0.9611,0.0,0.1966
172603,-0.1225,0.0522,0.9397,0.0,0.581
172619,-0.1209,0.0786,0.9802,0.0,0.5592
172635,-0.1284,0.0536,0.9827,0.0,0.1345
172651,-0.1268,0.0876,0.9676,0.0,0.0
172667,-0.1243,0.0972,0.9772,0.0,0.0959
172683,-0.1251,0.0581,0.9547,0.0,0.5375
172700,-0.128,0.1217,0.992,0.0,0.6076
172716,-0.1212,0.0625,0.9415,0.0,0.2281
172732,-0.1296,0.0658,0.9657,0.0,0.0129
172748,-0.1297,0.0683,0.9785,0.0,0.0
172764,-0.124,0.0421,0.9855,0.0,0.5069
172780,-0.1249,0.0722,0.9787,0.0,0.6632
172796,-0.1265,0.066,0.9829,0.0,0.2861
172812,-0.1247,0.0964,0.9463,0.0,0.0161
172828,-0.1324,0.0952,0.9285,0.0,0.0
172846,-0.1193,0.0577,0.9633,0.0,0.3723
172862,-0.1241,0.0678,0.9484,0.0,0.6439
172878,-0.1255,0.0775,0.9634,0.0,0.5439
172894,-0.1271,0.0832,0.9664,0.0,0.0846
172910,-0.1297,0.0866,0.9672,0.0,0.0
172926,-0.129,0.0845,0.9643,0.0,0.2353
172943,-0.125,0.0781,0.971,0.0,0.6382
172959,-0.126,0.0797,0.9638,0.0,0.6294
172975,-0.1266,0.0778,0.9677,0.0,0.1442
172991,-0.127,0.0771,0.9692,0.0,0.0
173007,-0.1269,0.0775,0.9627,0.0,0.0854
173023,-0.1272,0.0772,0.9504,0.0,0.6189
173040,-0.131,0.0811,0.9786,0.0,0.7132
173056,-0.1326,0.0925,0.9372,0.0,0.27
173072,-0.1182,0.0674,0.9477,0.0,0.0081
173088,-0.1363,0.0557,0.952,0.0,0.0
173104,-0.1363,0.1016,0.9593,0.0,0.5657
173120,-0.1239,0.0495,0.9724,0.0,0.7663
173137,-0.1306,0.1186,1.0012,0.0,0.4489
173153,-0.1236,0.0952,1.0103,0.0,0.0435
173169,-0.1352,0.0896,0.96,0.0,0.0
173185,-0.1181,0.0717,0.9614,0.0,0.5101
173201,-0.1336,0.0911,0.9672,0.0,0.7712
173218,-0.126,0.0663,0.9326,0.0,0.5858
173234,-0.127,0.0895,0.9705,0.0,0.0798
173250,-0.1329,0.0756,0.9879,0.0,0.0
173266,-0.1315,0.0488,0.9977,0.0,0.3674
173282,-0.1219,0.0706,0.9328,0.0,0.7373
173298,-0.1276,0.0724,0.9449,0.0,0.6632
173315,-0.1268,0.0741,0.9579,0.0,0.1273
173331,-0.1288,0.0771,0.969,0.0,0.0
173347,-0.128,0.0815,0.9714,0.0,0.1958
173363,-0.1315,0.0856,0.963,0.0,0.6979
173379,-0.1163,0.0749,0.9829,0.0,0.7478
173395,-0.1318,0.0803,0.9512,0.0,0.2256
173412,-0.1285,0.0723,0.9471,0.0,0.0024
173428,-0.1313,0.0786,0.9705,0.0,0.0209
173444,-0.1269,0.0766,0.9632,0.0,0.6519
173460,-0.1263,0.0753,0.9639,0.0,0.8082
173476,-0.1266,0.0818,0.9655,0.0,0.3924
173492,-0.1265,0.0778,0.9624,0.0,0.0105
173508,-0.126,0.0782,0.9714,0.0,0.0
173524,-0.1266,0.0781,0.967,0.0,0.6164
173540,-0.1248,0.0812,0.9571,0.0,0.8091
173557,-0.1244,0.0854,0.9489,0.0,0.4456
173573,-0.1246,0.077,0.9486,0.0,0.0427
173589,-0.1229,0.0743,0.9408,0.0,0.0
173605,-0.1231,0.0756,0.9453,0.0,0.5141
173621,-0.1276,0.0792,0.9789,0.0,0.7583
173637,-0.1284,0.081,0.9356,0.0,0.5617
173654,-0.1331,0.0928,0.9696,0.0,0.0814
173670,-0.1319,0.081,0.9697,0.0,0.0
173686,-0.1316,0.0799,0.9458,0.0,0.3586
173702,-0.1133,0.0678,0.978,0.0,0.6946
173718,-0.1267,0.0876,0.9566,0.0,0.6342
173735,-0.125,0.101,0.9833,0.0,0.1233
173751,-0.1288,0.0768,0.9681,0.0,0.0
173767,-0.1278,0.0709,0.9553,0.0,0.1909
173783,-0.1266,0.0828,0.9711,0.0,0.6382
173799,-0.1245,0.077,0.9722,0.0,0.6826
173815,-0.1306,0.0836,0.9603,0.0,0.1909
173832,-0.1245,0.074,0.9872,0.0,0.0
173848,-0.1275,0.0835,0.9941,0.0,0.0226
173864,-0.1262,0.0606,0.9565,0.0,0.5745
173880,-0.1284,0.0624,0.9649,0.0,0.7116
173896,-0.117,0.0897,1.0063,0.0,0.3183
173912,-0.1236,0.0829,1.0171,0.0,0.025
173929,-0.1437,0.1213,0.9123,0.0,0.0
173945,-0.1245,0.0664,0.9451,0.0,0.5133
173961,-0.1249,0.1005,0.9622,0.0,0.7325
173977,-0.1271,0.0808,0.9859,0.0,0.4738
173993,-0.1247,0.0827,0.9617,0.0,0.0604
174009,-0.1264,0.0674,0.9866,0.0,0.0
174026,-0.116,0.0702,0.9902,0.0,0.4424
174042,-0.1172,0.0622,1.0132,0.0,0.7196
174058,-0.1151,0.0542,0.991,0.0,0.5826
174074,-0.1228,0.0774,0.9803,0.0,0.0959
174090,-0.1219,0.0813,0.9673,0.0,0.0
174106,-0.1274,0.0748,0.9371,0.0,0.2998
174123,-0.1268,0.0721,0.9624,0.0,0.685
174139,-0.1245,0.0753,0.9703,0.0,0.6519
174155,-0.112,0.069,0.987,0.0,0.2748
174172,-0.1209,0.0796,0.9644,0.0,0.0089
174188,-0.117,0.0688,1.0073,0.0,0.0
174205,-0.1249,0.0753,1.0154,0.0,0.5367
174221,-0.1405,0.0948,0.9271,0.0,0.7414
174237,-0.1248,0.0809,0.96,0.0,0.4231
174253,-0.1244,0.0758,0.9641,0.0,0.0459
174269,-0.1188,0.0885,0.9394,0.0,0.0
174285,-0.1255,0.0617,0.9391,0.0,0.4626
174302,-0.1255,0.0687,0.9663,0.0,0.7341
174318,-0.125,0.0767,0.9596,0.0,0.5745
174334,-0.1269,0.0786,0.965,0.0,0.0943
174350,-0.127,0.0795,0.9645,0.0,0.0
174366,-0.1259,0.0771,0.9656,0.0,0.3425
174382,-0.1275,0.0965,0.9928,0.0,0.7373
174398,-0.129,0.1002,0.9962,0.0,0.6108
174414,-0.1162,0.091,0.952,0.0,0.112
174430,-0.1247,0.0696,0.961,0.0,0.0
174447,-0.1277,0.081,0.9789,0.0,0.3086
174463,-0.1273,0.0751,0.9659,0.0,0.7083
174479,-0.1265,0.0778,0.9681,0.0,0.6858
174495,-0.1251,0.0758,0.9659,0.0,0.1531
174511,-0.1265,0.0775,0.9649,0.0,0.0
174527,-0.1255,0.0795,0.9632,0.0,0.1394
174544,-0.1249,0.0789,0.9618,0.0,0.6439
174560,-0.1289,0.092,0.9851,0.0,0.7293
174576,-0.1269,0.079,0.9484,0.0,0.2554
174592,-0.1297,0.0785,0.9623,0.0,0.0153
174608,-0.1238,0.0756,0.9737,0.0,0.0048
174625,-0.1273,0.0774,0.9526,0.0,0.5673
174641,-0.1263,0.0836,0.9698,0.0,0.747
174657,-0.1263,0.0812,0.9586,0.0,0.4053
174673,-0.1255,0.0758,0.9604,0.0,0.0467
174689,-0.1263,0.0775,0.9649,0.0,0.0
174705,-0.1258,0.0781,0.9647,0.0,0.4811
174722,-0.1268,0.0778,0.9621,0.0,0.7333
174738,-0.126,0.0778,0.9649,0.0,0.5351
174754,-0.1269,0.0772,0.9656,0.0,0.0782
174770,-0.1268,0.0786,0.9651,0.0,0.0
174786,-0.1262,0.0784,0.9656,0.0,0.3586
174803,-0.1269,0.0774,0.9643,0.0,0.6793
174819,-0.1264,0.0793,0.9632,0.0,0.5979
174835,-0.1269,0.0746,0.9622,0.0,0.1217
174851,-0.127,0.0734,0.9565,0.0,0.0
174867,-0.1274,0.0798,0.9594,0.0,0.2022
174883,-0.1224,0.0802,0.974,0.0,0.6286
174900,-0.1307,0.0735,0.9715,0.0,0.66
174916,-0.1233,0.0844,0.9793,0.0,0.1797
174932,-0.1255,0.0793,0.9504,0.0,0.0
174948,-0.1326,0.082,1.0027,0.0,0.062
174964,-0.1235,0.0845,0.9556,0.0,0.5778
174980,-0.123,0.0762,0.9469,0.0,0.6938
174996,-0.1267,0.0843,0.9495,0.0,0.2014
175012,-0.1302,0.1088,0.9742,0.0,0.004
175028,-0.1275,0.106,1.0007,0.0,0.0137
175044,-0.1269,0.0864,0.9647,0.0,0.5496
175061,-0.1268,0.0801,0.967,0.0,0.7003
175077,-0.1268,0.0795,0.9627,0.0,0.3392
175093,-0.1273,0.0751,0.9637,0.0,0.0322
175109,-0.1286,0.0704,0.9466,0.0,0.0
175125,-0.1229,0.0614,0.9678,0.0,0.4746
175141,-0.1232,0.1013,1.0019,0.0,0.7148
175157,-0.1303,0.0908,0.9657,0.0,0.39
175173,-0.1289,0.0746,0.9422,0.0,0.0419
175189,-0.1263,0.0826,0.9679,0.0,0.0
175206,-0.1257,0.1069,0.9846,0.0,0.4569
175222,-0.1266,0.1082,1.0137,0.0,0.7204
175238,-0.1209,0.1051,0.9812,0.0,0.5399
175254,-0.1287,0.0906,0.967,0.0,0.0741
175270,-0.13,0.0869,0.9711,0.0,0.0
175287,-0.1259,0.0821,0.9421,0.0,0.3529
175303,-0.1236,0.0747,0.9735,0.0,0.6874
175319,-0.1267,0.0793,0.9691,0.0,0.6164
175335,-0.1195,0.0913,0.9776,0.0,0.1176
175351,-0.1317,0.0817,0.9895,0.0,0.0
175367,-0.1266,0.0808,0.9792,0.0,0.1853
175384,-0.1175,0.0749,0.9149,0.0,0.6503
175400,-0.1322,0.079,0.993,0.0,0.6882
175416,-0.1255,0.0799,0.975,0.0,0.1893
175432,-0.1236,0.0788,0.952,0.0,0.0
175448,-0.1263,0.0827,0.9757,0.0,0.0475
175464,-0.1273,0.0783,0.9597,0.0,0.5915
175481,-0.125,0.0715,0.9464,0.0,0.7341
175498,-0.1232,0.0539,0.9688,0.0,0.5343
175514,-0.1289,0.0889,0.9626,0.0,0.0757
175530,-0.1278,0.0848,0.9943,0.0,0.0
175546,-0.1253,0.0881,0.9719,0.0,0.3852
175563,-0.1264,0.0839,0.9811,0.0,0.7124
175579,-0.1256,0.0809,0.9445,0.0,0.6262
175595,-0.1279,0.08,0.9582,0.0,0.1152
175611,-0.1337,0.0806,0.9537,0.0,0.0
175627,-0.1376,0.1013,0.9244,0.0,0.2426
175643,-0.1409,0.1098,0.9135,0.0,0.6681
175660,-0.1433,0.1223,0.8855,0.0,0.6898
175676,-0.1323,0.0988,0.9103,0.0,0.1748
175692,-0.1353,0.1014,0.953,0.0,0.0
175708,-0.1357,0.0799,0.9103,0.0,0.0846
175724,-0.1286,0.0684,0.9309,0.0,0.627
175741,-0.1202,0.0576,1.0014,0.0,0.7341
175757,-0.1347,0.0867,0.9553,0.0,0.3014
175773,-0.1219,0.0775,0.9529,0.0,0.0209
175789,-0.1297,0.0693,0.9564,0.0,0.0
175805,-0.1212,0.0855,0.9488,0.0,0.5609
175821,-0.1315,0.0805,0.9502,0.0,0.7688
175837,-0.1309,0.0909,0.9439,0.0,0.3505
175853,-0.1319,0.0902,0.9512,0.0,0.0306
175869,-0.1285,0.0824,0.9501,0.0,0.0
175885,-0.1284,0.0885,0.9586,0.0,0.552
175902,-0.1322,0.0831,0.948,0.0,0.7921
175918,-0.121,0.0738,0.9775,0.0,0.5254
175934,-0.1221,0.072,0.9718,0.0,0.062
175950,-0.1334,0.0869,0.9458,0.0,0.0
175966,-0.1244,0.0684,0.9739,0.0,0.4666
175983,-0.1288,0.0824,0.9675,0.0,0.7696
175999,-0.1267,0.0837,0.9719,0.0,0.6342
176015,-0.1267,0.0853,0.9707,0.0,0.0991
176031,-0.1272,0.0866,0.9705,0.0,0.0
176047,-0.1251,0.0854,0.9718,0.0,0.328
176063,-0.1229,0.0784,0.9613,0.0,0.7341
176080,-0.1277,0.0733,0.9512,0.0,0.7019
176096,-0.1259,0.0613,0.9432,0.0,0.1474
176112,-0.1241,0.0623,0.9451,0.0,0.0
176128,-0.1256,0.0639,0.9524,0.0,0.1482
176144,-0.1239,0.08,0.9666,0.0,0.6681
176160,-0.1265,0.0746,0.9588,0.0,0.7406
176176,-0.1257,0.0736,0.9652,0.0,0.1732
176192,-0.1275,0.084,0.9706,0.0,0.0
176208,-0.1249,0.0745,0.9553,0.0,0.0862
176224,-0.128,0.0746,0.9685,0.0,0.6423
176241,-0.1231,0.0803,0.9654,0.0,0.751
176257,-0.1273,0.0701,0.961,0.0,0.299
176273,-0.1286,0.0881,0.9593,0.0,0.0185
176289,-0.1268,0.0767,0.9633,0.0,0.0
176305,-0.1249,0.0804,0.9594,0.0,0.5737
176322,-0.1258,0.0767,0.9697,0.0,0.7712
176338,-0.1267,0.0778,0.9635,0.0,0.4819
176354,-0.1277,0.0807,0.9619,0.0,0.0516
176370,-0.1265,0.0784,0.9647,0.0,0.0
176386,-0.1271,0.0778,0.9648,0.0,0.4835
176402,-0.1226,0.0739,0.9718,0.0,0.7567
176418,-0.1289,0.0816,0.9432,0.0,0.519
176434,-0.1188,0.0784,0.9631,0.0,0.062
176450,-0.1299,0.0527,1.0067,0.0,0.0
176466,-0.1248,0.0733,0.9465,0.0,0.4537
176483,-0.1193,0.076,0.9714,0.0,0.7462
176499,-0.1264,0.0903,0.9646,0.0,0.6132
176515,-0.1297,0.0726,0.9971,0.0,0.0983
176531,-0.1276,0.0889,0.9536,0.0,0.0
176547,-0.1263,0.079,0.9655,0.0,0.3086
176563,-0.1275,0.0838,0.9635,0.0,0.7043
176580,-0.1233,0.0862,0.9641,0.0,0.6858
176596,-0.1273,0.0879,0.95,0.0,0.1458
176612,-0.1284,0.0804,0.9719,0.0,0.0
176628,-0.1237,0.0742,0.9674,0.0,0.1313
176644,-0.1261,0.0751,0.9722,0.0,0.6407
176660,-0.1255,0.0751,0.9609,0.0,0.6898
176676,-0.126,0.0778,0.9644,0.0,0.1724
176692,-0.1275,0.0767,0.9674,0.0,0.0
176708,-0.1263,0.0778,0.9643,0.0,0.0749
176725,-0.1264,0.0782,0.9639,0.0,0.6181
176741,-0.1266,0.0785,0.9658,0.0,0.7301
176757,-0.1269,0.0784,0.9637,0.0,0.2941
176773,-0.1263,0.0781,0.9652,0.0,0.0234
176789,-0.1262,0.0787,0.9644,0.0,0.0
176805,-0.1261,0.0788,0.9642,0.0,0.5472
176822,-0.1261,0.078,0.9653,0.0,0.7373
176839,-0.1272,0.0775,0.9651,0.0,0.6019
176855,-0.1275,0.0785,0.9604,0.0,0.0983
176871,-0.1256,0.0775,0.9749,0.0,0.0
176887,-0.1258,0.0821,0.9684,0.0,0.2885
176904,-0.1271,0.0728,0.9601,0.0,0.6858
176920,-0.1303,0.082,0.9636,0.0,0.6648
176936,-0.1224,0.0857,0.9617,0.0,0.145
176952,-0.1223,0.0813,0.9691,0.0,0.0
176968,-0.1252,0.0803,0.967,0.0,0.1007
176985,-0.1272,0.0744,0.9532,0.0,0.6278
177001,-0.1264,0.0782,0.9606,0.0,0.7091
177017,-0.1269,0.0754,0.9736,0.0,0.2546
177033,-0.1259,0.0837,0.9586,0.0,0.0105
177049,-0.1209,0.0709,0.9792,0.0,0.0
177065,-0.1241,0.0756,0.9757,0.0,0.5504
177082,-0.1296,0.0793,0.9662,0.0,0.7164
177098,-0.1253,0.0781,0.966,0.0,0.4021
177114,-0.1264,0.0784,0.9664,0.0,0.0411
177130,-0.1235,0.0743,0.9616,0.0,0.0
177146,-0.1258,0.0756,0.9593,0.0,0.4505
177162,-0.1246,0.0754,0.9708,0.0,0.6938
177179,-0.1255,0.0809,0.9759,0.0,0.5254
177195,-0.1276,0.0648,0.9536,0.0,0.0741
177211,-0.1289,0.077,0.9677,0.0,0.0
177227,-0.127,0.0782,0.9714,0.0,0.3288
177243,-0.129,0.0775,0.9675,0.0,0.6552
177260,-0.13,0.063,0.947,0.0,0.5866
177276,-0.1281,0.0666,0.9495,0.0,0.1096
177292,-0.1287,0.0626,0.9437,0.0,0.0
177308,-0.1293,0.0701,0.9615,0.0,0.1716
177324,-0.1249,0.076,0.9642,0.0,0.5874
177340,-0.1299,0.0723,0.9633,0.0,0.6181
177357,-0.1275,0.0869,0.9818,0.0,0.1885
177373,-0.1267,0.0682,0.9703,0.0,0.0024
177389,-0.1243,0.0815,0.9873,0.0,0.0201
177405,-0.1277,0.0773,0.9723,0.0,0.4972
177421,-0.1269,0.0753,0.9581,0.0,0.6334
177437,-0.1265,0.0789,0.9607,0.0,0.3006
177453,-0.126,0.0771,0.9667,0.0,0.0153
177469,-0.1267,0.078,0.9656,0.0,0.0
177485,-0.1263,0.0783,0.9668,0.0,0.4593
177501,-0.1264,0.0768,0.966,0.0,0.6278
177518,-0.1265,0.078,0.9655,0.0,0.3433
177534,-0.1265,0.0779,0.9644,0.0,0.0475
177550,-0.1261,0.0794,0.9659,0.0,0.0
177566,-0.1259,0.0778,0.965,0.0,0.3771
177582,-0.1265,0.079,0.9645,0.0,0.6148
177599,-0.1262,0.0778,0.9646,0.0,0.4634
177615,-0.1277,0.0788,0.9627,0.0,0.0854
177631,-0.1245,0.0759,0.9676,0.0,0.0
177647,-0.1264,0.078,0.9653,0.0,0.2853
177663,-0.1263,0.0784,0.9667,0.0,0.5745
177679,-0.1273,0.0778,0.964,0.0,0.5343
177695,-0.1261,0.079,0.9644,0.0,0.0935
177711,-0.1261,0.0778,0.9643,0.0,0.0
177727,-0.1271,0.0789,0.9652,0.0,0.2482
177743,-0.1263,0.0786,0.9638,0.0,0.5617
177760,-0.126,0.0784,0.9657,0.0,0.5488
177776,-0.1265,0.0793,0.9651,0.0,0.137
177792,-0.1264,0.0785,0.9671,0.0,0.0
177808,-0.1261,0.0769,0.9647,0.0,0.1192
177824,-0.1249,0.0812,0.9632,0.0,0.5109
177840,-0.1271,0.0767,0.9656,0.0,0.552
177856,-0.1272,0.0769,0.9644,0.0,0.145
177872,-0.1257,0.0747,0.9678,0.0,0.0
177888,-0.1242,0.0784,0.963,0.0,0.0862
177905,-0.1287,0.072,0.9739,0.0,0.4956
177921,-0.1269,0.0775,0.9679,0.0,0.5826
177937,-0.1272,0.0799,0.9644,0.0,0.2264
177953,-0.1253,0.0777,0.9652,0.0,0.0218
177969,-0.1277,0.0799,0.965,0.0,0.0
177985,-0.1258,0.0767,0.9657,0.0,0.4384
178002,-0.1262,0.0781,0.9632,0.0,0.6052
178018,-0.1249,0.0737,0.97,0.0,0.3417
178034,-0.1279,0.0779,0.9713,0.0,0.0483
178050,-0.1272,0.0771,0.9662,0.0,0.0
178066,-0.1276,0.0806,0.9601,0.0,0.3594
178083,-0.1255,0.0788,0.964,0.0,0.5987
178099,-0.1265,0.0784,0.967,0.0,0.4561
178115,-0.1265,0.0799,0.9609,0.0,0.0846
178131,-0.1279,0.0796,0.9664,0.0,0.0
178147,-0.1284,0.0793,0.9663,0.0,0.108
178165,-0.1269,0.0754,0.9625,0.0,0.5028
178181,-0.1264,0.0781,0.962,0.0,0.5858
178197,-0.1224,0.0817,0.9699,0.0,0.2136
178213,-0.1257,0.0707,0.9634,0.0,0.0185
178229,-0.1288,0.0723,0.9666,0.0,0.0
178245,-0.126,0.0801,0.9632,0.0,0.4432
178262,-0.1263,0.0774,0.9619,0.0,0.6084
178278,-0.1265,0.0768,0.9678,0.0,0.3296
178294,-0.1259,0.0759,0.9649,0.0,0.0443
178310,-0.1263,0.0776,0.9632,0.0,0.0
178326,-0.1242,0.0766,0.9664,0.0,0.3795
178342,-0.1264,0.0751,0.9638,0.0,0.606
178359,-0.1276,0.0779,0.9651,0.0,0.4537
178375,-0.127,0.0767,0.9629,0.0,0.079
178391,-0.1266,0.0784,0.9648,0.0,0.0
178407,-0.1258,0.0799,0.964,0.0,0.3038
178423,-0.127,0.0785,0.9638,0.0,0.5907
178440,-0.1263,0.0783,0.9665,0.0,0.5318
178456,-0.125,0.075,0.9626,0.0,0.12
178472,-0.1261,0.0756,0.9676,0.0,0.0
178488,-0.1256,0.0798,0.9634,0.0,0.1877
178504,-0.1272,0.0783,0.9657,0.0,0.548
178520,-0.1264,0.0788,0.9652,0.0,0.5802
178536,-0.127,0.0783,0.964,0.0,0.1281
178552,-0.1257,0.0775,0.9649,0.0,0.0
178568,-0.1268,0.0778,0.9644,0.0,0.1458
178584,-0.1261,0.0778,0.9625,0.0,0.5327
178601,-0.1261,0.0763,0.963,0.0,0.5834
178617,-0.1282,0.0798,0.9662,0.0,0.1861
178633,-0.1332,0.0832,0.9561,0.0,0.0064
178649,-0.1196,0.0619,0.9622,0.0,0.0185
178665,-0.1306,0.0891,0.9304,0.0,0.4698
178682,-0.1239,0.071,0.9887,0.0,0.6124
178698,-0.1293,0.0803,0.94,0.0,0.2925
178714,-0.1242,0.0996,0.9123,0.0,0.0346
178730,-0.1218,0.0732,1.0011,0.0,0.0
178746,-0.1166,0.0689,0.9782,0.0,0.4069
178762,-0.1348,0.0883,0.992,0.0,0.6246
178778,-0.1238,0.0916,0.9531,0.0,0.3247
178794,-0.1182,0.0796,0.9576,0.0,0.033
178810,-0.1217,0.0599,1.0307,0.0,0.0
178826,-0.1167,0.0614,0.9805,0.0,0.3972
178843,-0.1204,0.0618,0.9251,0.0,0.635
178859,-0.1255,0.0913,0.9772,0.0,0.4601
178875,-0.1242,0.0929,0.9727,0.0,0.0701
178891,-0.128,0.0803,0.9612,0.0,0.0
178907,-0.1256,0.0785,0.9659,0.0,0.3521
178923,-0.1259,0.0786,0.9654,0.0,0.6334
178940,-0.1263,0.0771,0.9653,0.0,0.5367
178956,-0.1235,0.0807,0.9527,0.0,0.0951
178972,-0.1258,0.0974,0.9893,0.0,0.0
178988,-0.1275,0.0958,0.9682,0.0,0.2377
179004,-0.1273,0.061,0.9761,0.0,0.6246
179020,-0.1313,0.0661,0.9527,0.0,0.5745
179036,-0.1232,0.0875,0.9661,0.0,0.1023
179052,-0.1276,0.0788,0.9681,0.0,0.0
179068,-0.1271,0.0754,0.9677,0.0,0.2103
179085,-0.1269,0.0779,0.9642,0.0,0.6374
179101,-0.1264,0.0793,0.9643,0.0,0.6608
179117,-0.1275,0.0731,0.9725,0.0,0.1764
179133,-0.1295,0.0702,0.9639,0.0,0.0
179149,-0.1228,0.0603,0.9482,0.0,0.062
179165,-0.1234,0.0741,0.9665,0.0,0.5923
179182,-0.1326,0.0811,0.9723,0.0,0.7043
179198,-0.126,0.077,0.9693,0.0,0.2933
179214,-0.1258,0.0781,0.9549,0.0,0.0201
179230,-0.125,0.0723,0.9486,0.0,0.0
179246,-0.1223,0.0689,0.9482,0.0,0.5133
179262,-0.128,0.0727,0.9597,0.0,0.7011
179278,-0.1265,0.0774,0.9667,0.0,0.3384
179294,-0.1273,0.0747,0.9677,0.0,0.0314
179311,-0.1259,0.0781,0.9583,0.0,0.0
179327,-0.1265,0.0783,0.9654,0.0,0.5004
179343,-0.1282,0.0777,0.9718,0.0,0.7309
179359,-0.1263,0.0752,0.9598,0.0,0.502
179375,-0.1262,0.0789,0.9659,0.0,0.0669
179391,-0.1261,0.0818,0.9697,0.0,0.0
179408,-0.1281,0.08,0.9764,0.0,0.3932
179424,-0.1303,0.078,0.9831,0.0,0.6946
179440,-0.1309,0.0775,0.9821,0.0,0.5971
179456,-0.1227,0.0764,0.9988,0.0,0.1023
179472,-0.1248,0.0622,0.9379,0.0,0.0
179490,-0.1286,0.0736,0.9627,0.0,0.0201
179506,-0.131,0.0744,0.9836,0.0,0.5536
179522,-0.1181,0.0667,0.9762,0.0,0.7051
179538,-0.1241,0.0792,0.9468,0.0,0.3409
179554,-0.1385,0.0978,0.9342,0.0,0.0298
179570,-0.1217,0.0564,1.0224,0.0,0.0
179586,-0.1229,0.0622,0.9812,0.0,0.5472
179602,-0.1284,0.081,0.9857,0.0,0.7196
179618,-0.1276,0.0732,0.9617,0.0,0.3868
179635,-0.1263,0.0795,0.969,0.0,0.0419
179651,-0.127,0.0779,0.9601,0.0,0.0
179667,-0.1264,0.0783,0.9662,0.0,0.4787
179683,-0.1249,0.0778,0.9638,0.0,0.7204
179699,-0.1282,0.0757,0.9566,0.0,0.5327
179715,-0.1279,0.0831,0.988,0.0,0.0725
179732,-0.1208,0.0742,0.9579,0.0,0.0
179748,-0.1227,0.0739,0.9751,0.0,0.3795
179764,-0.1256,0.0832,0.9736,0.0,0.7124
179780,-0.1252,0.0762,0.9613,0.0,0.6294
179796,-0.127,0.0785,0.9656,0.0,0.12
179812,-0.1277,0.0803,0.9666,0.0,0.0
179829,-0.1298,0.0782,0.976,0.0,0.2248
179845,-0.1281,0.0797,0.9818,0.0,0.6842
179861,-0.1256,0.0789,0.9675,0.0,0.7051
179877,-0.125,0.0779,0.9634,0.0,0.1781
179893,-0.1247,0.0751,0.9552,0.0,0.0
179909,-0.1239,0.0644,0.9259,0.0,0.0717
179926,-0.1231,0.091,0.9659,0.0,0.6294
179942,-0.1252,0.0865,0.9737,0.0,0.747
179958,-0.1292,0.0834,0.9863,0.0,0.3038
179974,-0.1296,0.073,0.9932,0.0,0.0201
179990,-0.1255,0.0729,0.9775,0.0,0.0
180007,-0.1275,0.0743,0.9406,0.0,0.5617
180023,-0.1247,0.0815,0.9931,0.0,0.772
180039,-0.1325,0.0744,0.9531,0.0,0.4682
180055,-0.1275,0.0647,0.9526,0.0,0.05
180071,-0.1216,0.0757,0.9847,0.0,0.0
180087,-0.1289,0.0811,0.9329,0.0,0.4779
180104,-0.1394,0.0882,0.9363,0.0,0.7527
180120,-0.133,0.1016,0.9076,0.0,0.5794
180136,-0.1301,0.0889,0.9717,0.0,0.0814
180152,-0.1287,0.0822,0.9586,0.0,0.0
180168,-0.1284,0.0786,0.9614,0.0,0.3296
180184,-0.1278,0.0812,0.9633,0.0,0.7075
180201,-0.1293,0.0762,0.9666,0.0,0.6519
180217,-0.1277,0.079,0.9649,0.0,0.1313
180233,-0.127,0.0831,0.9624,0.0,0.0
180249,-0.1246,0.0794,0.9499,0.0,0.1652
180265,-0.124,0.0786,0.9423,0.0,0.66
180281,-0.1275,0.0798,0.9899,0.0,0.7083
180298,-0.1218,0.0735,0.9584,0.0,0.2176
180314,-0.1241,0.0783,0.9377,0.0,0.0024
180330,-0.1332,0.0868,0.9763,0.0,0.0105
180346,-0.1232,0.0762,0.9375,0.0,0.5858
180362,-0.1384,0.0819,0.9758,0.0,0.7454
180379,-0.1373,0.1032,0.9169,0.0,0.3666
180395,-0.1351,0.1018,0.9231,0.0,0.0314
180411,-0.1249,0.093,1.0065,0.0,0.0
180427,-0.1112,0.0712,0.9815,0.0,0.519
180443,-0.131,0.0814,0.9838,0.0,0.751
180459,-0.1295,0.0803,0.9895,0.0,0.5246
180475,-0.128,0.0795,0.9398,0.0,0.0387
180491,-0.1301,0.0807,0.9634,0.0,0.0
180507,-0.1261,0.0773,0.9594,0.0,0.4972
180523,-0.1194,0.0702,0.9773,0.0,0.7478
180540,-0.1262,0.0725,0.9847,0.0,0.5536
180556,-0.1155,0.0741,0.995,0.0,0.0749
180572,-0.1265,0.065,0.9824,0.0,0.0
180588,-0.1223,0.0758,0.9487,0.0,0.3827
180604,-0.1235,0.0743,0.9538,0.0,0.714
180621,-0.1285,0.0804,0.9644,0.0,0.6278
180637,-0.1261,0.0789,0.9644,0.0,0.1184
180653,-0.124,0.0892,0.9532,0.0,0.0
180669,-0.1169,0.0786,0.9334,0.0,0.2216
180685,-0.1302,0.0498,0.9295,0.0,0.6632
180701,-0.1231,0.078,0.9292,0.0,0.6761
180718,-0.1269,0.0723,0.9706,0.0,0.1821
180734,-0.1317,0.0853,0.9997,0.0,0.0
180750,-0.1247,0.0768,0.9619,0.0,0.0701
180766,-0.1241,0.0765,0.9557,0.0,0.5625
180782,-0.1295,0.0771,0.9739,0.0,0.656
180798,-0.124,0.0719,0.967,0.0,0.282
180816,-0.1277,0.102,0.9662,0.0,0.0677
180832,-0.1246,0.0669,0.9575,0.0,0.0
180848,-0.1182,0.0587,0.9913,0.0,0.3175
180864,-0.122,0.0556,0.9824,0.0,0.5705
180880,-0.1265,0.0739,0.9354,0.0,0.494
180897,-0.1225,0.0741,0.9872,0.0,0.112
180913,-0.1266,0.0747,0.9732,0.0,0.0
180929,-0.1257,0.0774,0.9697,0.0,0.1442
180945,-0.127,0.0798,0.9579,0.0,0.4674
180961,-0.1336,0.0824,0.9551,0.0,0.5069
180977,-0.1211,0.0793,0.9763,0.0,0.1603
180994,-0.1132,0.0496,1.0074,0.0,0.0056
181010,-0.1246,0.0645,0.964,0.0,0.0298
181026,-0.127,0.1187,1.0048,0.0,0.4021
181042,-0.1239,0.0863,0.9615,0.0,0.5198
181058,-0.1275,0.0892,0.9947,0.0,0.2426
181075,-0.1317,0.0775,0.978,0.0,0.0411
181091,-0.1257,0.0774,0.9691,0.0,0.0
181107,-0.125,0.079,0.95,0.0,0.3143
181123,-0.1219,0.071,0.9536,0.0,0.4996
181139,-0.1246,0.0949,0.9859,0.0,0.3441
181155,-0.1297,0.084,0.9678,0.0,0.0717
181172,-0.1282,0.075,0.9643,0.0,0.0
181188,-0.1253,0.0712,0.9778,0.0,0.249
181204,-0.1236,0.0746,0.9798,0.0,0.4851
181220,-0.1268,0.081,0.9485,0.0,0.4344
181236,-0.1257,0.0963,0.9816,0.0,0.1144
181252,-0.1264,0.0676,0.9498,0.0,0.0
181269,-0.1275,0.0766,0.9532,0.0,0.1539
181285,-0.1207,0.0702,0.9328,0.0,0.4303
181301,-0.1264,0.0815,0.9764,0.0,0.4593
181317,-0.1357,0.0768,1.0067,0.0,0.1523
181333,-0.1313,0.0774,0.9874,0.0,0.0073
181349,-0.1208,0.0746,0.9571,0.0,0.0661
181366,-0.121,0.0788,0.9508,0.0,0.3682
181382,-0.1155,0.0787,0.9394,0.0,0.4585
181398,-0.1238,0.0806,0.9481,0.0,0.1958
181414,-0.1268,0.0765,0.9927,0.0,0.0298
181430,-0.1278,0.0703,0.9937,0.0,0.0032
181447,-0.1224,0.0796,0.9497,0.0,0.2957
181463,-0.1261,0.0748,0.9781,0.0,0.4368
181479,-0.1275,0.0776,0.9716,0.0,0.2554
181495,-0.1237,0.079,0.9465,0.0,0.0604
181511,-0.1282,0.0785,0.968,0.0,0.0
181527,-0.1323,0.0676,1.0006,0.0,0.2297
181544,-0.1334,0.0851,1.0167,0.0,0.4069
181560,-0.1231,0.0866,1.0026,0.0,0.3199
181576,-0.129,0.0709,1.0002,0.0,0.0862
181592,-0.1311,0.0757,1.0039,0.0,0.0
181608,-0.1267,0.0746,0.9726,0.0,0.1764
181624,-0.118,0.0795,0.94,0.0,0.3771
181640,-0.1252,0.0829,0.9573,0.0,0.3255
181656,-0.1358,0.0812,1.0133,0.0,0.0959
181672,-0.1245,0.0789,0.9495,0.0,0.0
181688,-0.1193,0.0743,0.9917,0.0,0.1748
181705,-0.1323,0.0856,0.9596,0.0,0.3699
181721,-0.1219,0.079,0.9427,0.0,0.3602
181737,-0.1313,0.0713,0.9834,0.0,0.1313
181753,-0.1226,0.0828,0.9355,0.0,0.0081
181769,-0.1347,0.0765,1.0081,0.0,0.0967
181786,-0.1195,0.0804,0.9197,0.0,0.3247
181802,-0.1339,0.0804,0.9912,0.0,0.3691
