t_ms,ax,ay,az,L_env,L_raw,R_env,R_raw
1027687,0.0997,0.0052,0.9684,0.0,0.5222,0.0,0.1732
1027702,0.0993,0.0096,0.9688,0.0,0.523,0.0,0.1724
1027718,0.1023,0.0101,0.9658,0.0,0.5222,0.0,0.1732
1028003,0.1022,-0.0213,0.9333,0.0,0.5834,0.0,0.1668
1028019,0.0999,0.007,0.9663,0.0,0.5713,0.0,0.1732
1028036,0.0953,0.0029,0.9504,0.0,0.5568,0.0,0.1756
1028052,0.092,-0.0189,0.8944,0.0,0.5536,0.0,0.1732
1028069,0.1203,0.0139,0.983,0.0,0.5472,0.0,0.1716
1028085,0.1117,0.0334,1.071,0.0,0.5431,0.0,0.1716
1028102,0.0984,0.0141,0.9665,0.0,0.5391,0.0,0.17
1028117,0.11,-0.0002,0.9497,0.0,0.5399,0.0,0.1764
1028134,0.0758,-0.0281,0.8761,0.0,0.5359,0.0,0.1748
1028150,0.0826,-0.0207,0.9072,0.0,0.5343,0.0,0.174
1028167,0.1306,0.0321,1.0088,0.0,0.5343,0.0,0.17
1028183,0.1155,0.0484,1.0766,0.0,0.5262,0.0,0.166
1028200,0.0856,0.0059,0.9715,0.0,0.5262,0.0,0.17
1028216,0.0911,-0.0233,0.8735,0.0,0.5262,0.0,0.17
1028233,0.0958,0.0043,0.9606,0.0,0.5302,0.0,0.1732
1028249,0.0983,0.0028,0.954,0.0,0.5254,0.0,0.1724
1028265,0.1007,0.0041,0.9583,0.0,0.5214,0.0,0.1676
1028282,0.1024,0.0145,0.9678,0.0,0.523,0.0,0.1708
1028298,0.1025,0.0051,0.9733,0.0,0.523,0.0,0.17
1028315,0.1013,0.0003,0.9684,0.0,0.5246,0.0,0.1716
1028331,0.1225,0.0409,1.0108,0.0,0.5214,0.0,0.1748
1028348,0.1224,0.0244,1.0455,0.0,0.5262,0.0,0.1716
1028364,0.09,0.0133,0.9222,0.0,0.5206,0.0,0.1732
1028381,0.1106,0.0005,1.0319,0.0,0.5198,0.0,0.1748
1028397,0.1224,0.0096,1.0245,0.0,0.5149,0.0,0.1756
1028413,0.1015,0.0044,0.9852,0.0,0.5222,0.0,0.174
1028430,0.1027,0.0107,0.9936,0.0,0.5198,0.0,0.1748
1028446,0.1066,0.0061,0.9845,0.0,0.5149,0.0,0.174
1028463,0.1026,-0.0049,0.993,0.0,0.5222,0.0,0.1716
1028479,0.0998,0.019,0.9648,0.0,0.5246,0.0,0.1692
1028496,0.0927,0.0153,0.9741,0.0,0.523,0.0,0.1781
1028512,0.0854,-0.0171,0.9318,0.0,0.5254,0.0,0.1764
1028529,0.112,0.0217,0.9606,0.0,0.523,0.0,0.1716
1028545,0.1097,0.0252,0.9742,0.0,0.5262,0.0,0.1716
1028561,0.1011,-0.0075,0.9989,0.0,0.5246,0.0,0.1748
1028577,0.0969,-0.028,0.9897,0.0,0.5318,0.0,0.1748
1028594,0.0897,-0.036,0.9552,0.0,0.531,0.0,0.1748
1028610,0.1073,-0.0039,0.9993,0.0,0.5302,0.0,0.1772
1028627,0.1163,0.003,1.0161,0.0,0.5278,0.0,0.174
1028643,0.1219,-0.0001,1.0214,0.0,0.5246,0.0,0.1732
1028660,0.0987,-0.0008,0.9915,0.0,0.531,0.0,0.1716
1028676,0.1106,0.0138,1.0016,0.0,0.5327,0.0,0.174
1028692,0.1149,0.0223,0.9994,0.0,0.5327,0.0,0.174
1028708,0.1004,0.0151,0.9278,0.0,0.5246,0.0,0.1708
1028725,0.0949,0.0119,0.9137,0.0,0.5133,0.0,0.1676
1028741,0.0933,0.0104,0.9225,0.0,0.5246,0.0,0.1716
1028758,0.0915,0.0172,0.9404,0.0,0.5262,0.0,0.1716
1028774,0.1046,0.0085,0.9318,0.0,0.5254,0.0,0.1772
1028791,0.105,0.021,0.9574,0.0,0.5222,0.0,0.1732
1028807,0.0896,-0.0173,0.912,0.0,0.5214,0.0,0.17
1028823,0.0814,0.0181,0.9234,0.0,0.5214,0.0,0.1708
1028839,0.0996,0.0344,0.9578,0.0,0.5222,0.0,0.1732
1028856,0.0982,-0.0204,0.9399,0.0,0.5246,0.0,0.1748
1028872,0.0991,-0.0234,0.9187,0.0,0.5246,0.0,0.1732
1028889,0.1023,-0.0186,0.9457,0.0,0.5214,0.0,0.1668
1028905,0.0994,0.0152,0.9781,0.0,0.523,0.0,0.17
1028922,0.1039,0.0152,0.9805,0.0,0.519,0.0,0.1724
1028938,0.0974,0.0001,0.9543,0.0,0.5262,0.0,0.1708
1028954,0.1028,0.0068,0.9758,0.0,0.5318,0.0,0.17
1028970,0.1026,0.0083,0.9716,0.0,0.527,0.0,0.1724
1028987,0.105,0.0108,0.9742,0.0,0.5238,0.0,0.1716
1029003,0.1044,0.01,0.9696,0.0,0.5278,0.0,0.1684
1029021,0.1009,0.006,0.983,0.0,0.5278,0.0,0.17
1029037,0.0961,0.0019,0.9543,0.0,0.531,0.0,0.1627
1029054,0.0978,0.0044,0.9348,0.0,0.5318,0.0,0.1748
1029070,0.1052,0.013,0.9386,0.0,0.523,0.0,0.1732
1029087,0.1143,0.032,0.9856,0.0,0.5222,0.0,0.1652
1029103,0.1051,0.0273,0.9819,0.0,0.523,0.0,0.1684
1029120,0.1022,0.0034,0.9742,0.0,0.5246,0.0,0.1708
1029136,0.0981,0.0056,0.9708,0.0,0.531,0.0,0.1724
1029152,0.0957,0.0105,0.9598,0.0,0.5101,0.0,0.1772
1029169,0.1062,0.0114,0.9617,0.0,0.523,0.0,0.1724
1029185,0.1026,0.0096,0.9672,0.0,0.5133,0.0,0.17
1029202,0.1028,0.005,0.9612,0.0,0.5133,0.0,0.1708
1029218,0.099,0.0058,0.9575,0.0,0.5198,0.0,0.1716
1029235,0.1006,0.0077,0.965,0.0,0.5206,0.0,0.174
1029251,0.1028,0.0097,0.9674,0.0,0.5101,0.0,0.1708
1029267,0.1056,0.0092,0.9706,0.0,0.5061,0.0,0.1652
1029284,0.1036,0.0058,0.9716,0.0,0.5053,0.0,0.1708
1029300,0.0973,0.004,0.9414,0.0,0.5149,0.0,0.1732
1029317,0.0986,0.0186,0.9653,0.0,0.523,0.0,0.1732
1029333,0.09,-0.0047,0.9392,0.0,0.5238,0.0,0.1748
1029350,0.0973,0.018,0.9486,0.0,0.5222,0.0,0.1716
1029366,0.0974,0.0054,0.9363,0.0,0.5198,0.0,0.1708
1029383,0.1013,0.0086,0.9724,0.0,0.5278,0.0,0.1716
1029399,0.1031,0.0087,0.9695,0.0,0.5278,0.0,0.1732
1029416,0.0962,-0.0015,0.9521,0.0,0.5391,0.0,0.1772
1029432,0.1057,0.0168,0.9735,0.0,0.5415,0.0,0.1781
1029448,0.1046,0.0059,0.9643,0.0,0.5439,0.0,0.1724
1029465,0.1043,0.0066,0.9698,0.0,0.5504,0.0,0.1748
1029481,0.1014,0.0091,0.9696,0.0,0.5617,0.0,0.1748
1029498,0.1007,0.0074,0.972,0.0,0.5657,0.0,0.1869
1029514,0.1028,0.0058,0.9653,0.0,0.5778,0.0,0.1829
1029531,0.1052,0.008,0.9681,0.0,0.585,0.0,0.1837
1029547,0.1045,0.0091,0.969,0.0,0.5891,0.0,0.1781
1029564,0.1014,0.0086,0.966,0.0,0.5882,0.0,0.174
1029580,0.1021,0.0093,0.9779,0.0,0.5826,0.0,0.1837
1029596,0.1005,0.0078,0.9598,0.0,0.5858,0.0,0.1797
1029613,0.1029,0.0042,0.9744,0.0,0.5778,0.0,0.1845
1029629,0.1107,0.0167,0.986,0.0,0.5737,0.0,0.1732
1029646,0.1036,0.0009,0.9805,0.0,0.5649,0.0,0.1732
1029662,0.1098,0.0121,0.982,0.0,0.5665,0.0,0.1708
1029679,0.1051,0.0114,0.9931,0.0,0.5609,0.0,0.174
1029695,0.0973,-0.0043,0.9542,0.0,0.5625,0.0,0.1764
1029712,0.1041,0.0192,0.9595,0.0,0.5633,0.0,0.1781
1029728,0.1046,0.0123,0.9583,0.0,0.556,0.0,0.1732
1029745,0.1035,0.0115,0.9892,0.0,0.5568,0.0,0.1732
1029761,0.096,-0.0007,0.9515,0.0,0.5536,0.0,0.174
1029777,0.1015,0.0089,0.9628,0.0,0.5584,0.0,0.1748
1029794,0.1004,0.0048,0.9604,0.0,0.5528,0.0,0.1756
1029810,0.1037,0.0109,0.9754,0.0,0.552,0.0,0.166
1029827,0.1028,0.0072,0.9674,0.0,0.5488,0.0,0.1716
1029843,0.1034,0.0102,0.9702,0.0,0.5528,0.0,0.1708
1029860,0.0994,0.0016,0.9666,0.0,0.5504,0.0,0.1748
1029876,0.1042,0.0126,0.9856,0.0,0.5528,0.0,0.1748
1029893,0.1048,0.0189,0.9942,0.0,0.552,0.0,0.1781
1029909,0.1042,0.0173,0.9923,0.0,0.5512,0.0,0.174
1029925,0.1034,0.0143,0.9789,0.0,0.5504,0.0,0.1764
1029942,0.1012,0.005,0.9595,0.0,0.552,0.0,0.1756
1029958,0.099,0.0005,0.958,0.0,0.5504,0.0,0.1781
1029975,0.1006,0.0064,0.9689,0.0,0.5568,0.0,0.1764
1029991,0.1021,0.0118,0.9693,0.0,0.5568,0.0,0.1756
1030008,0.1058,0.0089,0.9692,0.0,0.5455,0.0,0.174
1030024,0.0997,0.0009,0.9572,0.0,0.5488,0.0,0.17
1030041,0.1019,0.0094,0.9672,0.0,0.5455,0.0,0.1716
1030057,0.1012,0.0031,0.9759,0.0,0.5455,0.0,0.1748
1030073,0.1036,0.0065,0.9712,0.0,0.5463,0.0,0.1724
1030090,0.104,0.0031,0.9782,0.0,0.5375,0.0,0.1724
1030106,0.1038,0.0079,0.9684,0.0,0.5343,0.0,0.17
1030123,0.1011,0.0089,0.9702,0.0,0.5343,0.0,0.174
1030140,0.1011,0.0085,0.9661,0.0,0.531,0.0,0.1668
1030156,0.1024,0.0083,0.9693,0.0,0.5318,0.0,0.174
1030173,0.1053,0.0071,0.9662,0.0,0.5262,0.0,0.1756
1030189,0.1031,0.008,0.9736,0.0,0.5214,0.0,0.166
1030206,0.1025,0.0058,0.972,0.0,0.523,0.0,0.166
1030222,0.1002,0.0037,0.9701,0.0,0.5206,0.0,0.1716
1030239,0.1022,0.0054,0.9679,0.0,0.5238,0.0,0.1708
1030255,0.1042,0.0103,0.9699,0.0,0.5327,0.0,0.174
1030271,0.1058,0.0104,0.9692,0.0,0.5327,0.0,0.1772
1030288,0.1036,0.009,0.9716,0.0,0.5375,0.0,0.174
1030304,0.1012,0.0048,0.9752,0.0,0.5351,0.0,0.1748
1030321,0.1013,0.0052,0.9761,0.0,0.5439,0.0,0.1756
1030337,0.1036,0.0065,0.9767,0.0,0.5455,0.0,0.1781
1030354,0.1047,0.009,0.9742,0.0,0.556,0.0,0.1781
1030370,0.1013,0.0071,0.9699,0.0,0.5536,0.0,0.174
1030387,0.1008,0.0038,0.9665,0.0,0.5617,0.0,0.1756
1030403,0.0992,0.0018,0.9645,0.0,0.5592,0.0,0.1732
1030419,0.1011,0.0028,0.9704,0.0,0.5592,0.0,0.1748
1030435,0.1035,0.007,0.9722,0.0,0.5657,0.0,0.1781
1030452,0.1042,0.011,0.9658,0.0,0.5609,0.0,0.1716
1030468,0.1035,0.009,0.9701,0.0,0.5641,0.0,0.1724
1030485,0.1023,0.0061,0.9718,0.0,0.5536,0.0,0.1732
1030501,0.1046,0.007,0.9763,0.0,0.5496,0.0,0.1716
1030518,0.1012,0.0105,0.9579,0.0,0.548,0.0,0.1724
1030534,0.1031,0.0102,0.9613,0.0,0.5472,0.0,0.1764
1030550,0.102,0.0025,0.9687,0.0,0.5488,0.0,0.174
1030566,0.1026,0.0061,0.9795,0.0,0.5472,0.0,0.17
1030583,0.1042,0.01,0.9774,0.0,0.5472,0.0,0.17
1030599,0.1027,0.0104,0.9707,0.0,0.5488,0.0,0.1764
1030616,0.1044,0.0128,0.9636,0.0,0.5528,0.0,0.1764
1030632,0.1046,0.0106,0.9579,0.0,0.5504,0.0,0.1732
1030648,0.1023,0.007,0.9604,0.0,0.548,0.0,0.1732
1030664,0.1017,0.0053,0.9759,0.0,0.5472,0.0,0.1724
1030681,0.1011,0.0023,0.9742,0.0,0.5463,0.0,0.17
1030697,0.1032,0.0095,0.9669,0.0,0.5528,0.0,0.1756
1030714,0.103,0.0111,0.9648,0.0,0.5504,0.0,0.1764
1030730,0.1037,0.0055,0.9732,0.0,0.5447,0.0,0.1716
1030747,0.1034,0.0088,0.9713,0.0,0.5415,0.0,0.1692
1030763,0.1006,0.0085,0.9606,0.0,0.5447,0.0,0.1716
1030779,0.1011,0.0045,0.969,0.0,0.5455,0.0,0.1732
1030795,0.1031,0.0077,0.9725,0.0,0.5472,0.0,0.1756
1030812,0.1045,0.0085,0.9626,0.0,0.5439,0.0,0.174
1030828,0.1033,0.0091,0.9606,0.0,0.5391,0.0,0.166
1030845,0.1016,0.008,0.9573,0.0,0.5367,0.0,0.1724
1030861,0.1011,0.0078,0.9694,0.0,0.5375,0.0,0.1748
1030878,0.1009,0.0064,0.971,0.0,0.5343,0.0,0.1732
1030894,0.1044,0.0075,0.9709,0.0,0.5383,0.0,0.1821
1030910,0.1061,0.0111,0.9786,0.0,0.531,0.0,0.1724
1030927,0.1012,0.0007,0.9666,0.0,0.5359,0.0,0.1708
1030943,0.1029,0.0076,0.9713,0.0,0.5327,0.0,0.1708
1030960,0.1032,0.0055,0.9886,0.0,0.5351,0.0,0.174
1030976,0.1033,0.0079,0.9571,0.0,0.5375,0.0,0.174
1030993,0.1034,0.0096,0.9619,0.0,0.5327,0.0,0.1781
1031009,0.1026,0.0074,0.9571,0.0,0.5302,0.0,0.1716
1031026,0.1032,0.0112,0.9684,0.0,0.5262,0.0,0.1684
1031042,0.1017,0.009,0.9672,0.0,0.5262,0.0,0.1644
1031059,0.1028,0.0063,0.9658,0.0,0.5278,0.0,0.1724
1031075,0.1009,0.0038,0.959,0.0,0.5238,0.0,0.174
1031091,0.1018,0.0074,0.9664,0.0,0.5141,0.0,0.1692
1031108,0.104,0.0118,0.9725,0.0,0.5133,0.0,0.166
1031124,0.0999,0.004,0.9679,0.0,0.519,0.0,0.1708
1031141,0.1027,0.0079,0.9753,0.0,0.5198,0.0,0.17
1031157,0.1034,0.0085,0.9644,0.0,0.5214,0.0,0.1764
1031174,0.1047,0.0106,0.9758,0.0,0.5133,0.0,0.17
1031190,0.1007,0.0046,0.9597,0.0,0.5117,0.0,0.1668
1031207,0.1028,0.0083,0.9713,0.0,0.5069,0.0,0.1684
1031224,0.1006,0.01,0.9719,0.0,0.5198,0.0,0.17
1031241,0.0947,0.0007,0.9592,0.0,0.523,0.0,0.1708
1031257,0.1021,-0.0009,0.9736,0.0,0.5238,0.0,0.1716
1031274,0.1026,0.0012,0.9733,0.0,0.5214,0.0,0.1732
1031290,0.1032,0.0123,0.9702,0.0,0.5206,0.0,0.1708
1031306,0.1059,0.001,0.9793,0.0,0.523,0.0,0.1716
1031323,0.1003,0.0048,0.9813,0.0,0.5198,0.0,0.1692
1031339,0.0966,0.0063,0.9883,0.0,0.5262,0.0,0.1724
1031356,0.0991,0.0015,0.9491,0.0,0.5318,0.0,0.1732
1031372,0.0979,0.0116,0.9763,0.0,0.5238,0.0,0.1772
1031389,0.1068,0.0122,0.9655,0.0,0.5238,0.0,0.1692
1031405,0.1028,0.0104,0.9683,0.0,0.5278,0.0,0.17
1031422,0.0993,0.0064,0.959,0.0,0.531,0.0,0.1724
1031438,0.1014,0.0049,0.9566,0.0,0.531,0.0,0.1724
1031454,0.103,0.0107,0.9758,0.0,0.5327,0.0,0.1756
1031471,0.1032,0.0043,0.9677,0.0,0.527,0.0,0.1724
1031487,0.1031,0.0101,0.985,0.0,0.5246,0.0,0.1732
1031504,0.1037,0.009,0.9723,0.0,0.523,0.0,0.1676
1031520,0.1009,0.0052,0.9687,0.0,0.5286,0.0,0.1716
1031537,0.1029,0.0107,0.9869,0.0,0.5351,0.0,0.1781
1031553,0.0975,0.001,0.9668,0.0,0.5343,0.0,0.1772
1031570,0.1008,0.0081,0.988,0.0,0.5327,0.0,0.17
1031586,0.099,0.0037,0.9428,0.0,0.5327,0.0,0.1716
1031602,0.1025,0.0133,0.9807,0.0,0.527,0.0,0.1724
1031619,0.1026,0.0078,0.9592,0.0,0.531,0.0,0.1781
1031635,0.1034,0.0086,0.9677,0.0,0.5359,0.0,0.1748
1031652,0.1044,0.0085,0.9588,0.0,0.531,0.0,0.1764
1031668,0.1003,0.0082,0.9722,0.0,0.5254,0.0,0.1716
1031685,0.1005,0.0053,0.9578,0.0,0.5246,0.0,0.1748
1031701,0.1006,0.0079,0.9756,0.0,0.5246,0.0,0.1748
1031717,0.1043,0.0053,0.9644,0.0,0.5262,0.0,0.1748
1031733,0.1044,0.0107,0.9829,0.0,0.523,0.0,0.1724
1031750,0.1039,0.0074,0.9633,0.0,0.5198,0.0,0.1539
1031766,0.1001,0.0065,0.969,0.0,0.5214,0.0,0.1692
1031783,0.1028,0.007,0.9703,0.0,0.5198,0.0,0.1668
1031799,0.1025,0.0097,0.9676,0.0,0.5222,0.0,0.1756
1031816,0.1061,0.0064,0.9736,0.0,0.5206,0.0,0.1724
1031832,0.102,0.0084,0.9671,0.0,0.5214,0.0,0.1716
1031848,0.102,0.0061,0.9669,0.0,0.5149,0.0,0.1652
1031865,0.1045,0.0088,0.9769,0.0,0.5222,0.0,0.17
1031881,0.1015,0.0076,0.9753,0.0,0.5254,0.0,0.1692
1031898,0.1042,0.0137,0.9721,0.0,0.5262,0.0,0.1716
1031914,0.1066,0.01,0.9795,0.0,0.5254,0.0,0.174
1031931,0.1042,0.014,0.975,0.0,0.5238,0.0,0.1716
1031947,0.1016,0.0044,0.9643,0.0,0.5262,0.0,0.1716
1031964,0.111,0.0137,0.9733,0.0,0.531,0.0,0.1708
1031980,0.1033,0.0069,0.9847,0.0,0.531,0.0,0.1724
1031996,0.1011,0.0099,0.961,0.0,0.5335,0.0,0.1764
1032012,0.1042,0.0067,0.9767,0.0,0.5343,0.0,0.174
1032029,0.1029,0.0044,0.9655,0.0,0.5318,0.0,0.17
1032045,0.1043,0.0085,0.9763,0.0,0.5327,0.0,0.1732
1032062,0.1033,0.0081,0.9712,0.0,0.5327,0.0,0.1708
1032078,0.1012,0.0059,0.9552,0.0,0.5343,0.0,0.1732
1032095,0.1061,0.0085,0.9749,0.0,0.5327,0.0,0.1732
1032111,0.1038,0.0109,0.9826,0.0,0.5327,0.0,0.1716
1032127,0.1015,0.0018,0.9603,0.0,0.531,0.0,0.17
1032144,0.1018,0.0098,0.9695,0.0,0.5335,0.0,0.1692
1032160,0.1016,0.0109,0.9726,0.0,0.5391,0.0,0.1764
1032177,0.1004,0.0079,0.9613,0.0,0.5327,0.0,0.1732
1032193,0.1024,0.0049,0.9623,0.0,0.5198,0.0,0.1644
1032210,0.1049,0.0086,0.9838,0.0,0.502,0.0,0.1603
1032226,0.1008,0.0125,0.961,0.0,0.4988,0.0,0.1708
1032243,0.1019,0.0056,0.9629,0.0,0.5004,0.0,0.174
1032259,0.101,0.0079,0.9703,0.0,0.5101,0.0,0.1748
1032275,0.1073,0.0144,0.9696,0.0,0.5182,0.0,0.1789
1032292,0.1057,0.0101,0.9726,0.0,0.523,0.0,0.17
1032308,0.1015,-0.008,0.9579,0.0,0.5222,0.0,0.1724
1032326,0.1099,0.0,0.9663,0.0,0.5302,0.0,0.1724
1032342,0.1016,0.0031,0.9653,0.0,0.531,0.0,0.1692
1032359,0.1047,0.0101,0.9716,0.0,0.5335,0.0,0.1708
1032375,0.1055,0.0115,0.9756,0.0,0.5351,0.0,0.1748
1032392,0.1011,0.0091,0.9472,0.0,0.5391,0.0,0.1732
1032408,0.0965,0.0031,0.9739,0.0,0.5327,0.0,0.1724
1032425,0.1095,0.0136,0.9767,0.0,0.5351,0.0,0.1684
1032441,0.1018,0.0199,0.9634,0.0,0.5343,0.0,0.174
1032457,0.1034,0.0127,0.9586,0.0,0.5359,0.0,0.1724
1032474,0.1069,0.0114,0.9655,0.0,0.5351,0.0,0.1756
1032490,0.1042,0.014,0.9637,0.0,0.5343,0.0,0.1716
1032507,0.1035,0.0076,0.9831,0.0,0.5375,0.0,0.17
1032523,0.1002,0.0046,0.9554,0.0,0.5327,0.0,0.174
1032540,0.1025,0.0079,0.9615,0.0,0.5343,0.0,0.1748
1032556,0.1009,0.0019,0.9547,0.0,0.5359,0.0,0.1748
1032573,0.1026,0.0062,0.9776,0.0,0.5327,0.0,0.17
1032589,0.1027,0.007,0.9661,0.0,0.5254,0.0,0.1716
1032605,0.0995,0.003,0.9564,0.0,0.5246,0.0,0.1716
1032622,0.1029,0.0059,0.9651,0.0,0.5262,0.0,0.1756
1032638,0.1051,0.0117,0.9811,0.0,0.5294,0.0,0.1748
1032655,0.1003,0.0021,0.9529,0.0,0.5262,0.0,0.174
1032671,0.1056,0.0066,0.9739,0.0,0.5246,0.0,0.17
1032688,0.1011,0.0094,0.9698,0.0,0.5214,0.0,0.1748
1032704,0.1004,0.0036,0.9526,0.0,0.523,0.0,0.1724
1032721,0.1034,0.0051,0.9686,0.0,0.5246,0.0,0.17
1032737,0.1032,0.0055,0.9821,0.0,0.523,0.0,0.174
1032753,0.1028,0.0074,0.9623,0.0,0.5222,0.0,0.1724
1032769,0.1014,0.0065,0.966,0.0,0.5149,0.0,0.1668
1032786,0.102,0.0078,0.9685,0.0,0.523,0.0,0.1668
1032802,0.1008,0.0068,0.9624,0.0,0.5246,0.0,0.1716
1032819,0.1021,0.0092,0.9615,0.0,0.5238,0.0,0.1748
1032835,0.1029,0.0056,0.9615,0.0,0.5238,0.0,0.1732
1032852,0.1018,0.0067,0.9658,0.0,0.5238,0.0,0.1644
1032868,0.1019,0.0072,0.9659,0.0,0.523,0.0,0.1732
1032884,0.1023,0.0078,0.9664,0.0,0.5246,0.0,0.1716
1032900,0.1034,0.0072,0.9736,0.0,0.5262,0.0,0.1708
1032917,0.1024,0.0089,0.9657,0.0,0.5246,0.0,0.1748
1032933,0.1028,0.0073,0.9716,0.0,0.5246,0.0,0.1748
1032950,0.1018,0.0076,0.9632,0.0,0.5214,0.0,0.1764
1032966,0.1036,0.0074,0.9728,0.0,0.5246,0.0,0.1716
1032983,0.101,0.0066,0.9606,0.0,0.5254,0.0,0.1732
1032999,0.1045,0.008,0.962,0.0,0.5327,0.0,0.1764
1033015,0.1035,0.0073,0.9639,0.0,0.5302,0.0,0.1732
1033032,0.103,0.007,0.9647,0.0,0.5238,0.0,0.17
1033048,0.1028,0.0068,0.9702,0.0,0.5278,0.0,0.1716
1033065,0.1034,0.0104,0.9702,0.0,0.523,0.0,0.17
1033081,0.1011,0.0066,0.9613,0.0,0.5327,0.0,0.1748
1033098,0.1043,0.0102,0.9701,0.0,0.531,0.0,0.1756
1033114,0.1025,0.0049,0.9655,0.0,0.5294,0.0,0.1748
1033131,0.1012,0.0104,0.9657,0.0,0.531,0.0,0.1692
1033147,0.1009,0.0069,0.9565,0.0,0.5262,0.0,0.1708
1033163,0.1041,0.0084,0.9683,0.0,0.5318,0.0,0.17
1033180,0.1041,0.0072,0.9708,0.0,0.5335,0.0,0.17
1033196,0.1049,0.0111,0.9748,0.0,0.5278,0.0,0.1781
1033213,0.1021,0.0059,0.9797,0.0,0.5343,0.0,0.174
1033229,0.1083,0.0021,0.966,0.0,0.5318,0.0133,0.1716
1033246,0.1098,0.0274,0.9433,0.0,0.5343,0.0,0.17
1033262,0.1064,0.0137,0.9779,0.0,0.5359,0.0,0.1716
1033279,0.1032,0.0018,1.0016,0.0,0.5343,0.0,0.1748
1033295,0.101,0.0112,1.0195,0.0,0.5343,0.0,0.1732
1033311,0.0846,-0.004,0.9142,0.0,0.5327,0.0,0.166
1033328,0.0993,-0.016,0.917,0.0,0.5327,0.0,0.1676
1033344,0.118,0.0245,0.9953,0.0,0.531,0.0,0.1692
1033361,0.12,0.0303,0.9626,0.0,0.5343,0.0,0.1716
1033377,0.0992,0.0111,0.9753,0.0,0.5343,0.0,0.1732
1033394,0.0902,-0.0146,0.9569,0.0,0.531,0.0,0.1748
1033410,0.0977,0.036,0.9666,0.0,0.5318,0.0,0.1644
1033428,0.1235,0.0061,0.9849,0.0,0.5262,0.0,0.1692
1033444,0.0933,-0.0074,0.9745,0.0,0.5327,0.0,0.1668
1033461,0.1217,0.0328,1.0473,0.0,0.5359,0.0,0.1748
1033477,0.1126,0.0235,1.0253,0.0,0.5351,0.0,0.1732
1033494,0.1158,0.0187,0.9903,0.0,0.5278,0.0,0.1716
1033510,0.1207,0.0277,1.0025,0.0,0.5327,0.0,0.1708
1033527,0.1189,0.0168,0.9827,0.0,0.5327,0.0,0.17
1033543,0.1164,0.0173,0.981,0.0,0.5278,0.0,0.1716
1033559,0.1086,0.0251,1.0034,0.0,0.5343,0.0,0.1724
1033576,0.105,0.0207,0.9586,0.0,0.5359,0.0,0.1748
1033592,0.1141,-0.0088,0.977,0.0,0.5327,0.0,0.166
1033609,0.1168,0.0011,1.0061,0.0,0.5343,0.0,0.1668
1033625,0.1023,0.0204,0.9396,0.0,0.5327,0.0,0.1668
1033642,0.0883,0.027,0.9674,0.0,0.5302,0.0,0.17
1033658,0.0988,0.0183,0.95,0.0,0.5343,0.0,0.1748
1033675,0.0974,0.0142,0.9378,0.0,0.5327,0.0,0.174
1033691,0.0923,0.0021,0.9153,0.0,0.5318,0.0,0.1652
1033707,0.104,0.0106,0.9558,0.0,0.5254,0.0,0.1676
1033724,0.1022,0.006,0.9546,0.0,0.5278,0.0,0.1708
1033740,0.0976,-0.0191,0.9574,0.0,0.5278,0.0,0.1708
1033757,0.1026,0.009,0.9663,0.0,0.5262,0.0,0.17
1033773,0.0982,-0.0037,0.9898,0.0,0.5262,0.0,0.1684
1033790,0.1145,0.01,0.9682,0.0,0.531,0.0,0.166
1033806,0.1104,0.0244,0.9866,0.0,0.531,0.0,0.1684
1033823,0.1053,-0.0014,0.9643,0.0,0.531,0.0,0.17
1033839,0.1027,0.0084,0.9339,0.0,0.5335,0.0,0.1748
1033855,0.1082,0.012,0.9455,0.0,0.531,0.0,0.1732
1033871,0.1072,0.0329,0.9738,0.0,0.527,0.0,0.1636
1033888,0.0948,-0.0119,0.9804,0.0,0.5278,0.0,0.1708
1033904,0.0943,-0.0153,0.9548,0.0,0.5327,0.0,0.1676
1033921,0.108,0.0258,0.9677,0.0,0.5343,0.0,0.1716
1033937,0.0927,-0.0004,0.9551,0.0,0.5335,0.0,0.1748
1033954,0.1053,0.0144,0.9786,0.0,0.5318,0.0,0.1708
1033970,0.0948,-0.0054,0.9278,0.0,0.5327,0.0,0.1652
1033986,0.0931,-0.0106,0.9402,0.0,0.5254,0.0,0.1716
1034002,0.092,0.0117,0.9836,0.0,0.5254,0.0,0.1668
1034019,0.0897,0.0064,0.9714,0.0,0.531,0.0,0.1732
1034035,0.0877,-0.0186,0.8922,0.0,0.5327,0.0,0.1716
1034052,0.0982,-0.0031,0.9042,0.0,0.5294,0.0,0.1668
1034068,0.11,0.0273,1.0371,0.0,0.5254,0.0,0.17
1034085,0.1031,-0.0002,0.9189,0.0,0.5327,0.0,0.1692
1034101,0.1011,0.0111,1.0308,0.0,0.5327,0.0,0.17
1034117,0.1086,0.0149,0.985,0.0,0.531,0.0,0.1748
1034133,0.0986,0.0163,0.9105,0.0,0.5278,0.0,0.17
1034150,0.1112,-0.0125,0.9869,0.0,0.5335,0.0,0.1644
1034166,0.1057,0.0214,0.9266,0.0,0.5246,0.0,0.17
1034183,0.106,-0.0099,0.9845,0.0,0.5318,0.0,0.174
1034199,0.1111,0.0113,0.9688,0.0,0.5327,0.0,0.1732
1034216,0.101,0.0114,0.9686,0.0,0.531,0.0,0.174
1034232,0.1036,0.004,0.9873,0.0,0.5327,0.0,0.1644
1034249,0.0998,0.0047,0.9752,0.0,0.5278,0.0,0.1716
1034264,0.1042,0.0104,0.9569,0.0,0.531,0.0,0.1684
1034281,0.1043,0.0121,0.9598,0.0,0.5335,0.0,0.1724
1034297,0.1022,0.0078,0.9776,0.0,0.531,0.0,0.1764
1034314,0.1035,0.0099,0.9679,0.0,0.531,0.0,0.1756
1034330,0.1034,0.0087,0.9751,0.0,0.5254,0.0,0.1716
1034347,0.1027,0.0069,0.9645,0.0,0.5238,0.0,0.1716
1034363,0.1027,0.0064,0.9708,0.0,0.531,0.0,0.1732
1034380,0.1032,0.009,0.9677,0.0,0.527,0.0,0.1732
1034395,0.1036,0.0088,0.9682,0.0,0.5222,0.0,0.1724
1034412,0.1028,0.0074,0.9689,0.0,0.5238,0.0,0.17
1034428,0.1011,0.0063,0.9662,0.0,0.5214,0.0,0.1692
1034445,0.1018,0.0015,0.957,0.0,0.531,0.0,0.1708
1034461,0.1032,0.008,0.9671,0.0,0.5262,0.0,0.174
1034478,0.0996,0.0043,0.9456,0.0,0.5343,0.0,0.1764
1034494,0.1064,0.0157,0.947,0.0,0.5238,0.0,0.1716
1034511,0.102,0.0143,0.9716,0.0,0.5278,0.0,0.1708
1034528,0.1031,-0.0161,0.9787,0.0,0.5294,0.0,0.17
1034545,0.1021,0.0075,0.9987,0.0,0.531,0.0,0.1756
1034561,0.1029,0.0096,0.9574,0.0,0.5262,0.0,0.1732
1034577,0.1018,0.0076,0.9825,0.0,0.5318,0.0,0.1732
1034594,0.1082,0.0221,0.9653,0.0,0.531,0.0,0.174
1034610,0.1116,0.0266,0.9581,0.0,0.5246,0.0,0.166
1034627,0.11,0.0335,0.9667,0.0,0.5278,0.0,0.1619
1034643,0.105,-0.0037,0.9881,0.0,0.5278,0.0,0.1716
1034660,0.0974,-0.0048,0.9339,0.0,0.5302,0.0,0.1732
1034676,0.109,0.0188,0.9587,0.0,0.523,0.0,0.1708
1034693,0.091,0.0012,0.9521,0.0,0.5246,0.0,0.17
1034709,0.093,-0.0131,0.9088,0.0,0.5262,0.0,0.1627
1034725,0.0975,0.0149,0.9886,0.0,0.531,0.0,0.1668
1034741,0.1165,0.0422,1.0615,0.0,0.5262,0.0,0.1724
1034758,0.1176,0.0386,1.0692,0.0,0.531,0.0,0.1772
1034774,0.1101,0.0137,0.99,0.0,0.5327,0.0,0.17
1034791,0.0987,0.0207,1.0129,0.0,0.5294,0.0,0.17
1034807,0.1061,0.0025,0.9754,0.0,0.5262,0.0,0.1692
1034824,0.1022,0.0067,0.978,0.0,0.5246,0.0,0.1708
1034840,0.0982,0.0016,0.9345,0.0,0.5294,0.0,0.1732
1034856,0.0972,0.0068,0.9751,0.0,0.5246,0.0,0.1764
1034873,0.1003,0.0103,0.9483,0.0,0.5278,0.0,0.1716
1034889,0.1022,-0.0018,0.9691,0.0036,0.5262,0.0,0.1708
1034906,0.1034,0.0107,0.9778,0.0,0.5294,0.0,0.1708
1034922,0.1084,0.0131,0.9619,0.0,0.5327,0.0,0.1716
1034939,0.0994,-0.0009,0.9661,0.0,0.5343,0.0,0.1708
1034955,0.1099,0.0122,0.9911,0.0,0.5335,0.0,0.1724
1034972,0.0948,0.0019,0.935,0.0,0.5318,0.0,0.17
1034988,0.0992,0.0135,0.9664,0.0,0.5327,0.0,0.1692
1035005,0.1044,0.0075,0.9623,0.0,0.5335,0.0,0.1668
1035021,0.0987,-0.0026,0.9661,0.0,0.5367,0.0,0.1716
1035037,0.1075,0.0099,0.9942,0.0,0.5359,0.0,0.1716
1035054,0.0969,0.0194,0.96,0.0,0.531,0.0,0.174
1035070,0.1091,-0.0038,0.9492,0.0,0.5351,0.0,0.1724
1035087,0.0976,0.0067,0.9527,0.0,0.5318,0.0,0.1708
1035103,0.1039,0.0185,1.0069,0.0,0.5351,0.0,0.1716
1035120,0.112,0.0229,1.0144,0.0,0.5335,0.0,0.1724
1035136,0.1104,0.002,0.9619,0.0,0.5359,0.0,0.1748
1035153,0.1028,0.0265,1.0155,0.0,0.531,0.0,0.1724
1035169,0.0984,-0.0021,0.9437,0.0,0.531,0.0,0.1652
1035185,0.0982,-0.0058,0.9511,0.0,0.5335,0.0,0.17
1035201,0.1077,0.0167,0.9821,0.0,0.5343,0.0,0.1684
1035218,0.101,0.0006,0.9667,0.0,0.5327,0.0,0.17
1035234,0.1039,0.0086,0.983,0.0,0.5318,0.0,0.1732
1035251,0.0974,0.013,0.966,0.0,0.5294,0.0,0.1668
1035267,0.1101,0.0184,0.997,0.0,0.5335,0.0,0.1652
1035284,0.1059,0.022,0.9976,0.0,0.5198,0.0,0.1676
1035300,0.1046,0.0208,0.9999,0.0,0.5351,0.0,0.1724
1035316,0.1055,0.0184,0.9998,0.0,0.527,0.0,0.1684
1035333,0.1071,0.0217,1.0019,0.0,0.5278,0.0,0.17
1035349,0.1059,0.0189,0.9663,0.0,0.5262,0.0,0.1684
1035366,0.0996,0.0109,0.9865,0.0,0.5238,0.0,0.17
1035382,0.107,0.0144,0.9671,0.0,0.5254,0.0,0.1732
1035399,0.1047,0.0105,0.9782,0.0,0.527,0.0,0.1716
1035415,0.1038,0.004,0.9714,0.0,0.523,0.0,0.17
1035432,0.1036,0.0065,0.9523,0.0,0.5214,0.0,0.1619
1035448,0.1081,0.0107,0.9735,0.0,0.5198,0.0,0.1644
1035465,0.1002,-0.0139,0.9137,0.006,0.5109,0.0,0.1652
1035481,0.0991,-0.0009,0.9438,0.0,0.5125,0.0,0.1644
1035497,0.1018,0.0053,0.9946,0.0,0.5085,0.0,0.1619
1035514,0.0985,0.0051,0.9403,0.0,0.502,0.0,0.1636
1035530,0.1021,0.0013,0.956,0.0,0.5077,0.0,0.1708
1035547,0.105,0.0014,0.9498,0.0,0.5117,0.0,0.166
1035563,0.0966,-0.0035,0.9474,0.0,0.5222,0.0,0.1724
1035580,0.1018,0.0025,0.9498,0.0,0.5278,0.0,0.1748
1035596,0.1057,0.0113,0.9957,0.0,0.5343,0.0,0.1724
1035613,0.105,0.0213,0.9794,0.0,0.5359,0.0,0.1748
1035630,0.1045,0.0202,0.9928,0.0,0.5278,0.0,0.1764
1035647,0.1049,0.0122,0.9614,0.0,0.5351,0.0,0.1732
1035663,0.1001,0.0027,0.9606,0.0,0.5343,0.0,0.1732
1035680,0.0985,0.0023,0.9554,0.0,0.5318,0.0,0.17
1035696,0.105,0.0104,0.9859,0.0,0.5222,0.0,0.1716
1035712,0.1111,0.0155,0.9943,0.0,0.5198,0.0,0.1732
1035729,0.0966,0.0002,0.9455,0.0,0.5149,0.0,0.1684
1035745,0.1017,0.0105,0.9821,0.0,0.5149,0.0,0.1652
1035762,0.1095,0.0112,0.9892,0.0,0.5141,0.0,0.17
1035778,0.0958,0.0027,0.936,0.0,0.5133,0.0,0.17
1035795,0.1063,0.0096,0.9949,0.0,0.5117,0.0,0.17
1035811,0.1079,0.0123,0.9891,0.0,0.5222,0.0,0.1668
1035828,0.0967,0.0038,0.9378,0.0,0.523,0.0,0.1732
1035844,0.1046,0.0043,0.9854,0.0,0.5294,0.0,0.1708
1035860,0.1011,0.0098,0.966,0.0,0.527,0.0,0.1732
1035876,0.0922,-0.003,0.9298,0.0,0.5327,0.0,0.1732
1035893,0.111,0.003,0.9915,0.0,0.5375,0.0,0.17
1035909,0.1042,0.011,0.9747,0.0,0.5375,0.0,0.1692
1035926,0.0927,-0.0013,0.9421,0.0,0.5415,0.0,0.1764
1035942,0.1097,0.006,0.9917,0.0,0.5472,0.0,0.1756
1035959,0.1013,0.0114,0.9686,0.0,0.5528,0.0,0.1764
1035975,0.1007,-0.003,0.9669,0.0,0.5568,0.0,0.1764
1035992,0.1056,0.0145,0.9666,0.0,0.5568,0.0,0.1684
1036007,0.1023,-0.0023,0.9689,0.0,0.5472,0.0,0.1716
1036024,0.1037,0.0182,0.9655,0.0,0.5496,0.0,0.174
1036040,0.0971,0.0054,0.9497,0.0,0.5584,0.0,0.1781
1036057,0.0969,0.0135,0.96,0.0,0.5649,0.0,0.1845
1036073,0.1011,0.008,0.9511,0.0,0.5834,0.0,0.1829
1036090,0.1035,0.0102,0.9711,0.0,0.6019,0.0,0.1877
1036106,0.1015,0.0105,0.9586,0.0,0.6278,0.0,0.1893
1036122,0.105,0.0114,0.9935,0.0,0.6423,0.0,0.1909
1036138,0.0956,0.0015,0.9377,0.0,0.6495,0.0,0.1901
1036155,0.1015,0.0152,0.9556,0.0,0.6503,0.0,0.1974
1036171,0.0969,0.0042,0.9419,0.0,0.66,0.0,0.1918
1036188,0.0985,0.0048,0.9512,0.0,0.6632,0.0,0.1909
1036204,0.1023,0.0102,0.9603,0.0,0.6737,0.0,0.1909
1036221,0.0997,0.0027,0.9638,0.0,0.6745,0.0,0.1909
1036237,0.1028,0.0049,0.9601,0.0,0.6673,0.0,0.1877
1036253,0.1083,0.0109,0.9869,0.0,0.6519,0.0,0.1756
1036269,0.1,0.0025,0.9697,0.0,0.6447,0.0,0.1837
1036286,0.0999,0.0036,0.955,0.0,0.6447,0.0,0.1829
1036302,0.1058,0.0213,0.9736,0.0,0.6391,0.0,0.1837
1036319,0.1008,0.0012,0.9666,0.0,0.6221,0.0,0.1716
1036335,0.1021,0.0036,0.96,0.0,0.6068,0.0,0.1732
1036352,0.1032,0.012,0.9624,0.0,0.5818,0.0,0.1636
1036368,0.1016,0.0074,0.9843,0.0,0.5488,0.0,0.1587
1036384,0.1014,-0.0092,0.9405,0.0,0.527,0.0,0.1587
1036401,0.1001,0.0056,0.9793,0.0,0.5109,0.0,0.1636
1036417,0.122,0.0357,0.9428,0.0,0.494,0.0,0.1547
1036434,0.1259,0.0532,1.0289,0.0,0.4924,0.0,0.1652
1036450,0.0742,-0.0082,0.8628,0.0,0.4972,0.0,0.1708
1036467,0.0461,0.0308,0.8432,0.0,0.5004,0.0,0.1716
1036483,0.1292,-0.0023,0.9959,0.0,0.5093,0.0,0.1716
1036500,0.083,-0.0031,0.858,0.0,0.5117,0.0,0.1732
1036516,0.0799,-0.0444,0.8563,0.0,0.5133,0.0,0.1692
1036533,0.0805,-0.0281,0.8233,0.0,0.5214,0.0,0.1619
1036549,0.0685,-0.0521,0.8232,0.0,0.5214,0.0,0.1692
1036565,0.0819,-0.0339,0.8972,0.0,0.5246,0.0,0.1692
1036582,0.1064,0.0357,1.0503,0.0,0.5214,0.0,0.1732
1036598,0.1131,0.0169,1.0309,0.0,0.5246,0.0,0.1748
1036615,0.0998,-0.0025,0.9684,0.0,0.5302,0.0,0.1684
1036631,0.0627,0.0439,0.9325,0.0,0.5343,0.0,0.1716
1036648,0.0709,-0.014,0.8383,0.0,0.5375,0.0,0.174
1036664,0.1381,0.0292,1.0257,0.0,0.5415,0.0,0.1748
1036681,0.1417,0.0196,1.048,0.0,0.5391,0.0,0.1756
1036697,0.1224,-0.0191,0.9588,0.0,0.5439,0.0,0.1732
1036713,0.0906,0.0718,0.9457,0.0,0.5407,0.0,0.1716
1036731,0.1152,0.0478,1.0979,0.0,0.5383,0.0,0.1716
1036747,0.1715,0.0943,1.2272,0.0,0.5351,0.0,0.1732
1036763,0.1715,0.0303,1.1151,0.0,0.531,0.0,0.1692
1036780,0.1588,0.0332,1.1487,0.0,0.5246,0.0,0.1732
1036796,0.144,0.0574,1.1394,0.0,0.5214,0.0,0.1716
1036813,0.1525,0.0332,1.1126,0.0,0.5206,0.0,0.1668
1036829,0.1103,0.0101,1.0099,0.0,0.523,0.0,0.1716
1036846,0.0826,-0.0265,0.8892,0.0,0.5254,0.0,0.1716
1036862,0.1068,0.0426,0.9659,0.0,0.5214,0.0,0.1724
1036879,0.0769,-0.0322,0.9093,0.0,0.5222,0.0,0.1748
1036894,0.1317,0.0154,0.9862,0.0,0.5214,0.0,0.1692
1036911,0.1213,0.0041,0.9788,0.0,0.523,0.0,0.17
1036927,0.0851,-0.0327,0.9329,0.0,0.5246,0.0,0.17
1036944,0.1259,0.0485,0.9622,0.0,0.5254,0.0,0.17
1036960,0.0732,-0.0273,0.9911,0.0,0.5246,0.0,0.1732
1036977,0.0836,0.0012,0.8989,0.0,0.5222,0.0,0.17
1036993,0.1407,-0.0171,1.0163,0.0,0.5214,0.0,0.1692
1037010,0.1658,0.053,1.0999,0.0,0.519,0.0,0.1716
1037026,0.1178,0.0386,0.9657,0.0,0.5206,0.0,0.1692
1037042,0.085,-0.0129,0.8531,0.0,0.523,0.0,0.1764
1037059,0.0767,-0.0384,0.8786,0.0,0.5214,0.0,0.1708
1037075,0.102,0.0215,0.9627,0.0,0.5206,0.0,0.1668
1037092,0.1187,0.0409,1.0394,0.0,0.523,0.0,0.1716
1037108,0.0951,0.0084,0.9675,0.0,0.5246,0.0,0.1716
1037125,0.092,-0.0157,0.914,0.0,0.5262,0.0,0.1724
1037141,0.1136,0.0372,0.9702,0.0,0.5246,0.0,0.1724
1037158,0.1043,-0.0078,1.0488,0.0,0.5246,0.0,0.1716
1037174,0.1188,0.017,0.9747,0.0,0.5214,0.0,0.1684
1037190,0.084,0.0341,0.9362,0.0,0.523,0.0,0.1619
1037206,0.0818,-0.0232,1.014,0.0,0.5246,0.0,0.17
1037223,0.1356,0.0654,1.1271,0.0,0.527,0.0,0.17
1037239,0.0774,-0.0413,0.8012,0.0,0.5238,0.0,0.1708
1037256,0.0747,0.0617,0.9053,0.0,0.5214,0.0,0.1644
1037272,0.1466,0.0278,1.0266,0.0,0.519,0.0,0.1644
1037289,0.1114,-0.0419,0.8155,0.0,0.5109,0.0,0.1716
1037305,0.0752,0.0083,0.9156,0.0,0.5198,0.0,0.17
1037321,0.1292,0.0035,0.9848,0.0,0.5262,0.0,0.1724
1037337,0.1277,0.043,1.0116,0.0,0.519,0.0,0.1668
1037354,0.0915,-0.0128,0.9718,0.0,0.5141,0.0,0.1636
1037370,0.0981,0.0279,0.9999,0.0,0.5149,0.0,0.1652
1037387,0.105,-0.0043,0.9613,0.0,0.5182,0.0,0.1652
1037403,0.0992,0.0014,0.9375,0.0,0.5149,0.0,0.17
1037420,0.1012,0.0229,0.9293,0.0,0.5093,0.0,0.1716
1037436,0.0787,0.0157,1.0121,0.0,0.5101,0.0,0.17
1037452,0.1047,0.0239,0.9495,0.0,0.5109,0.0,0.1716
1037469,0.1113,0.0036,1.0048,0.0,0.5125,0.0,0.1708
1037485,0.1059,0.0398,1.0384,0.0,0.5141,0.0,0.17
1037502,0.1033,-0.0208,0.9261,0.0,0.5133,0.0,0.174
1037518,0.1011,0.0106,0.9476,0.0,0.5133,0.0,0.1732
1037535,0.1065,-0.0746,0.7454,0.0,0.5141,0.0,0.17
1037551,0.0935,0.0697,1.1377,0.0,0.5149,0.0,0.17
1037568,0.0889,-0.0085,0.921,0.0,0.523,0.0,0.17
1037584,0.1012,-0.0173,0.8756,0.0,0.5238,0.0,0.1692
1037601,0.1147,-0.0069,0.9694,0.0,0.5214,0.0,0.1708
1037617,0.1014,0.0712,1.0997,0.0,0.5198,0.0,0.1732
1037633,0.1232,-0.0176,0.8881,0.0,0.5141,0.0,0.17
1037650,0.0843,0.021,0.996,0.0,0.5214,0.0,0.17
1037666,0.1023,0.0191,0.9991,0.0,0.5214,0.0,0.1732
1037683,0.1071,0.0163,0.9528,0.0,0.523,0.0,0.1732
1037699,0.106,0.0143,0.9289,0.0,0.5262,0.0,0.1748
1037716,0.1079,0.0302,1.0677,0.0,0.5254,0.0,0.1692
1037732,0.1084,0.0151,1.0522,0.0,0.5254,0.0,0.1716
1037749,0.1005,0.0236,1.0246,0.0,0.5262,0.0,0.1716
1037765,0.1127,0.0513,0.9136,0.0,0.5359,0.0,0.1748
1037781,0.1207,0.064,0.9981,0.0,0.5383,0.0,0.1732
1037798,0.0926,-0.0173,0.8659,0.0,0.5375,0.0,0.1732
1037814,0.1428,0.0212,1.0043,0.0,0.5375,0.0,0.1708
1037831,0.0908,-0.0131,0.9834,0.0,0.5399,0.0,0.1716
1037848,0.1098,0.0175,1.0056,0.0,0.5391,0.0,0.174
1037864,0.109,-0.0027,0.9627,0.0,0.5472,0.0,0.1732
1037881,0.1008,-0.0281,0.9661,0.0,0.5455,0.0,0.1748
1037897,0.0671,-0.0534,0.8126,0.0,0.5375,0.0,0.17
1037914,0.0785,-0.0603,0.7411,0.0,0.5439,0.0,0.1724
1037930,0.1316,0.0288,1.0111,0.0,0.5383,0.0,0.1708
1037947,0.0839,0.024,0.9776,0.0,0.5391,0.0,0.1724
1037963,0.1256,-0.0349,0.8666,0.0,0.5439,0.0,0.174
1037979,0.0871,0.0423,1.1361,0.0,0.5399,0.0,0.1708
1037995,0.1013,0.0274,0.9489,0.0,0.5351,0.0,0.17
1038012,0.0942,0.0229,0.8405,0.0,0.5359,0.0,0.1716
1038028,0.1107,-0.0004,1.0896,0.0,0.5407,0.0,0.174
1038045,0.0818,0.0005,0.8194,0.0,0.5391,0.0,0.1764
1038061,0.1089,-0.0412,1.0348,0.0,0.5391,0.0,0.1756
1038078,0.1021,0.0298,0.8622,0.0,0.5375,0.0,0.1732
1038094,0.0979,-0.0222,0.9987,0.0,0.5367,0.0,0.1652
1038111,0.0944,0.0185,0.9259,0.0,0.5399,0.0,0.1732
1038127,0.1113,-0.0017,0.9457,0.0,0.5407,0.0,0.1716
1038143,0.0974,-0.002,0.9373,0.0,0.5391,0.0,0.1748
1038160,0.1029,0.0033,0.9631,0.0,0.5455,0.0,0.1748
1038176,0.1073,-0.0099,1.0119,0.0,0.5375,0.0,0.1708
1038193,0.0954,0.013,0.8905,0.0,0.5375,0.0,0.1684
1038209,0.1068,0.0183,0.9801,0.0,0.5439,0.0,0.1668
1038226,0.0579,-0.034,0.8732,0.0,0.5375,0.0,0.17
1038242,0.1403,0.0474,0.9937,0.0,0.5375,0.0,0.1716
1038259,0.124,-0.0147,1.0169,0.0,0.5343,0.0,0.1724
1038275,0.0859,-0.0257,0.9265,0.0,0.527,0.0,0.1732
1038292,0.1342,0.0102,0.985,0.0,0.531,0.0,0.1668
1038307,0.1489,0.0611,1.0723,0.0,0.531,0.0,0.1716
1038324,0.0634,-0.0397,0.8939,0.0,0.531,0.0,0.1732
1038340,0.0703,0.0586,0.9052,0.0,0.5246,0.0,0.1708
1038357,0.0695,-0.0345,0.8266,0.0,0.527,0.0,0.1716
1038373,0.1191,0.0409,1.0254,0.0,0.5198,0.0,0.1652
1038390,0.0971,0.0086,0.9677,0.0,0.5206,0.0,0.1684
1038406,0.1054,-0.0262,0.8926,0.0,0.523,0.0,0.1668
1038423,0.1102,-0.045,0.8564,0.0,0.5214,0.0,0.1708
1038438,0.0957,-0.0448,0.7951,0.0,0.5214,0.0,0.1708
1038455,0.1447,0.0547,1.1885,0.0,0.5109,0.0,0.1748
1038471,0.0707,0.0067,0.8052,0.0,0.519,0.0,0.1676
1038488,0.1185,0.033,1.1228,0.0,0.5117,0.0,0.1652
1038504,0.1073,0.0444,1.0687,0.0,0.5214,0.0,0.1732
1038521,0.1205,-0.008,0.8989,0.0,0.5214,0.0,0.166
1038537,0.1023,-0.0318,0.9673,0.0,0.5182,0.0,0.166
1038554,0.1371,0.05,0.9723,0.0,0.5133,0.0,0.1636
1038570,0.105,0.0275,1.0206,0.0,0.5141,0.0,0.1668
1038586,0.0951,0.007,1.0256,0.0,0.5141,0.0,0.17
1038603,0.1037,0.0262,0.9073,0.0,0.5198,0.0,0.17
1038619,0.1035,0.0114,1.0098,0.0,0.5157,0.0,0.1652
1038636,0.1034,0.0052,1.0536,0.0,0.5149,0.0,0.1692
1038652,0.1136,0.006,1.0074,0.0,0.5149,0.0,0.1636
1038669,0.11,0.0124,0.9631,0.0,0.5206,0.0,0.1684
1038685,0.0963,0.0052,0.9344,0.0,0.5214,0.0,0.1692
1038702,0.1004,0.0027,0.9853,0.0,0.523,0.0,0.1732
1038717,0.1063,0.0141,0.9674,0.0,0.523,0.0,0.1708
1038734,0.1041,0.008,0.9662,0.0,0.5246,0.0,0.1644
1038750,0.1048,0.0092,0.9734,0.0,0.5302,0.0,0.1748
1038767,0.0992,0.0002,0.9636,0.0,0.5343,0.0,0.1619
1038783,0.0942,0.0063,0.9724,0.0,0.531,0.0,0.1724
1038800,0.0977,0.0128,0.9685,0.0,0.531,0.0,0.1708
1038816,0.114,0.0119,0.9687,0.0,0.5262,0.0,0.17
1038832,0.1191,0.0087,0.9584,0.0,0.5198,0.0,0.1668
1038848,0.1045,0.0052,0.975,0.0,0.5262,0.0,0.1652
1038865,0.0923,0.0101,0.9891,0.0,0.5262,0.0,0.1764
1038881,0.0928,-0.001,0.9621,0.0,0.5246,0.0,0.1716
1038898,0.1077,0.0097,0.9715,0.0,0.5294,0.0,0.1692
1038914,0.1107,0.0142,0.9572,0.0,0.5254,0.0,0.1652
1038932,0.1121,0.013,0.956,0.0,0.5262,0.0,0.166
1038948,0.1006,0.0061,0.9673,0.0,0.5335,0.0,0.1708
1038965,0.0889,-0.0015,0.9777,0.0,0.531,0.0,0.174
1038981,0.0961,0.0044,0.962,0.0,0.5343,0.0,0.1764
1038998,0.1143,0.0059,0.9719,0.0,0.5343,0.0,0.1716
1039014,0.113,0.0194,0.9648,0.0,0.5343,0.0,0.1684
1039030,0.105,0.0209,0.9745,0.0,0.5318,0.0,0.1708
1039046,0.0959,0.0006,0.9768,0.0,0.5335,0.0,0.1724
1039063,0.094,0.0013,0.976,0.0,0.5327,0.0,0.1716
1039079,0.1043,0.0162,0.9788,0.0,0.5246,0.0,0.1692
1039096,0.1163,0.011,0.9695,0.0,0.5214,0.0,0.1644
1039112,0.1124,0.0139,0.9614,0.0,0.5149,0.0,0.1748
1039129,0.1037,0.0102,0.9742,0.0,0.5182,0.0,0.1636
1039145,0.088,-0.003,0.9526,0.0,0.5117,0.0,0.1692
1039161,0.0946,-0.0067,0.967,0.0,0.5109,0.0,0.1716
1039177,0.1117,0.0136,0.9814,0.0,0.5077,0.0,0.1668
1039194,0.1101,0.0067,0.9508,0.0,0.5077,0.0,0.1652
1039210,0.1034,0.0169,0.9622,0.0,0.5069,0.0,0.1636
1039227,0.1017,0.0123,0.9707,0.0,0.5093,0.0,0.17
1039243,0.0924,-0.0113,0.961,0.0,0.5085,0.0,0.1732
1039260,0.0946,0.0052,0.9678,0.0,0.5069,0.0,0.17
1039276,0.1072,0.0178,0.9603,0.0,0.5069,0.0,0.1684
1039292,0.1135,0.0115,0.9698,0.0,0.5085,0.0,0.166
1039308,0.1105,0.0177,0.9932,0.0,0.5085,0.0,0.166
1039325,0.0995,-0.0018,1.0054,0.0,0.5077,0.0,0.1732
1039341,0.0854,-0.0048,0.9221,0.0,0.5069,0.0,0.1748
1039358,0.1037,0.0055,0.9736,0.0,0.5069,0.0,0.1652
1039374,0.0984,0.0318,1.0147,0.0,0.5117,0.0,0.1652
1039391,0.1101,-0.0099,0.9379,0.0,0.5133,0.0,0.1652
1039407,0.1061,0.0088,0.9346,0.0,0.5182,0.0,0.1668
1039423,0.107,0.0181,1.0279,0.0,0.5198,0.0,0.1716
1039439,0.1077,0.0228,1.0253,0.0,0.5206,0.0,0.1708
1039456,0.0804,-0.0121,0.885,0.0,0.5198,0.0,0.1644
1039472,0.0707,0.0345,0.9264,0.0,0.5222,0.0,0.1652
1039489,0.1093,0.0036,0.9143,0.0,0.5222,0.0,0.166
1039505,0.0885,-0.0423,0.9053,0.0,0.5246,0.0,0.1724
1039522,0.1076,0.0355,1.0241,0.0,0.5198,0.0,0.1716
1039538,0.0824,0.0005,0.8819,0.0,0.5214,0.0,0.1716
1039554,0.1401,0.0164,0.9681,0.0,0.5141,0.0,0.1644
1039570,0.1211,-0.0062,1.0883,0.0,0.5133,0.0,0.1708
1039587,0.1364,0.0472,0.9329,0.0,0.5214,0.0,0.1644
1039603,0.1084,0.0348,0.8504,0.0,0.5198,0.0,0.1732
1039620,0.1132,0.0566,0.9499,0.0,0.5198,0.0,0.17
1039636,0.0971,-0.0069,0.9531,0.0,0.5214,0.0,0.1684
1039653,0.1103,0.0153,0.9787,0.0,0.5149,0.0,0.1684
1039669,0.1134,0.0126,0.9722,0.0,0.5238,0.0,0.1708
1039685,0.0987,0.0022,0.959,0.0,0.5254,0.0,0.1724
1039701,0.0942,0.0073,0.9636,0.0,0.5278,0.0,0.17
1039718,0.0938,0.0113,0.961,0.0,0.523,0.0,0.1676
1039734,0.1043,0.0048,0.9541,0.0,0.531,0.0,0.1692
1039751,0.1127,0.012,0.9697,0.0,0.5375,0.0,0.1748
1039767,0.1053,0.0153,0.964,0.0,0.5351,0.0,0.1732
1039784,0.0961,0.0027,0.9673,0.0,0.5407,0.0,0.174
1039800,0.0928,0.0059,0.9587,0.0,0.5407,0.0,0.1748
1039816,0.0952,0.0063,0.9523,0.0,0.5455,0.0,0.1724
1039832,0.1031,0.0111,0.9543,0.0,0.5383,0.0,0.1732
1039849,0.1103,0.0156,0.967,0.0,0.5407,0.0,0.1732
1039865,0.1066,0.01,0.983,0.0,0.5472,0.0,0.1748
1039882,0.0978,0.0051,0.971,0.0,0.5407,0.0,0.174
1039898,0.099,0.0041,0.9734,0.0,0.5391,0.0,0.1724
1039915,0.1021,0.0057,0.9618,0.0,0.5399,0.0,0.1708
1039931,0.1065,0.0109,0.9635,0.0,0.5496,0.0,0.1716
1039947,0.1084,0.0132,0.9772,0.0,0.5407,0.0,0.1716
1039964,0.1018,0.0074,0.9628,0.0,0.5391,0.0,0.1748
1039980,0.0988,0.0055,0.9699,0.0,0.5359,0.0,0.1716
1039997,0.0997,-0.0015,0.9729,0.0,0.5383,0.0,0.17
1040013,0.1056,0.0112,0.97,0.0,0.5359,0.0,0.1732
1040031,0.1106,0.0126,0.9692,0.0,0.5431,0.0,0.1732
1040047,0.1039,0.0127,0.964,0.0,0.5391,0.0,0.1748
1040064,0.1015,0.0114,0.9706,0.0,0.5399,0.0,0.1724
1040080,0.1019,-0.0028,0.9734,0.0,0.5391,0.0,0.1732
1040097,0.0978,0.0016,0.9567,0.0,0.5351,0.0,0.1724
1040113,0.1067,0.0136,0.965,0.0,0.5359,0.0,0.17
1040130,0.1078,0.0141,0.9801,0.0,0.5302,0.0,0.1692
1040146,0.1001,0.0002,0.9597,0.0,0.5327,0.0,0.1732
1040162,0.0995,0.0026,0.965,0.0,0.531,0.0,0.1732
1040179,0.1031,0.0142,0.9757,0.0,0.5246,0.0,0.1668
1040195,0.1042,0.0094,0.9797,0.0,0.523,0.0,0.1716
1040212,0.1031,0.001,0.9645,0.0,0.5214,0.0,0.166
1040228,0.1033,0.0065,0.9594,0.0,0.5198,0.0,0.1652
1040245,0.1059,0.0129,0.962,0.0,0.5214,0.0,0.1748
1040261,0.1007,0.0077,0.9697,0.0,0.5206,0.0,0.17
1040278,0.0995,0.0111,0.9836,0.0,0.5141,0.0,0.17
1040294,0.1042,-0.0004,0.968,0.0,0.5149,0.0,0.1668
1040310,0.1063,0.0066,0.9584,0.0,0.5133,0.0,0.1732
1040327,0.1032,0.0131,0.9602,0.0,0.5222,0.0,0.1756
1040343,0.1009,0.0028,0.9527,0.0,0.5262,0.0,0.1716
1040360,0.1028,0.0091,0.9643,0.0,0.531,0.0,0.1732
1040376,0.1065,0.01,0.9693,0.0,0.523,0.0,0.1692
1040393,0.1103,0.0176,0.9901,0.0,0.523,0.0,0.1636
1040409,0.1116,0.019,0.9994,0.0,0.5246,0.0,0.1636
1040426,0.1042,0.0131,0.9918,0.0,0.5214,0.0,0.1724
1040442,0.0961,0.0035,0.9675,0.0,0.5214,0.0,0.1732
1040459,0.0925,0.0029,0.965,0.0,0.5238,0.0,0.17
1040474,0.1144,0.0188,0.9916,0.0,0.5238,0.0,0.166
1040491,0.1135,0.0196,0.9921,0.0,0.5246,0.0,0.1668
1040507,0.1124,0.0186,0.9885,0.0,0.527,0.0,0.1708
1040524,0.1102,0.0168,0.9959,0.0,0.527,0.0,0.1748
1040540,0.1094,0.0141,0.9847,0.0,0.531,0.0,0.1732
1040557,0.1062,0.0117,0.952,0.0,0.531,0.0,0.1732
1040573,0.1019,0.0143,0.9309,0.0,0.5375,0.0,0.1724
1040589,0.099,0.0149,0.9352,0.0,0.5359,0.0,0.1708
1040606,0.104,0.0106,0.9704,0.0,0.5391,0.0,0.174
1040622,0.1015,-0.0013,0.979,0.0,0.5375,0.0,0.174
1040639,0.1064,0.0058,0.9514,0.0,0.5383,0.0,0.1732
1040655,0.114,-0.0066,1.0364,0.0,0.5367,0.0,0.1668
1040672,0.1068,0.0143,0.9482,0.0,0.5375,0.0,0.1724
1040688,0.0854,-0.0107,0.8627,0.0,0.5375,0.0,0.1724
1040705,0.068,0.0426,0.914,0.0,0.5375,0.0,0.1708
1040721,0.1344,0.0006,1.0238,0.0,0.5359,0.0,0.1708
1040737,0.0926,-0.0551,0.9475,0.0,0.5327,0.0,0.1668
1040753,0.1406,0.0047,1.0742,0.0,0.5343,0.0,0.1676
1040770,0.0785,0.0275,0.9142,0.0,0.5351,0.0,0.1724
1040786,0.1465,-0.0277,1.0322,0.0,0.5351,0.0,0.1732
1040803,0.0477,0.0233,0.8717,0.0,0.5351,0.0,0.1764
1040819,0.0604,-0.0051,0.8983,0.0,0.5318,0.0,0.1716
1040836,0.0596,-0.0032,0.9778,0.0,0.5327,0.0,0.17
1040852,0.0727,-0.0251,0.8021,0.0,0.5318,0.0,0.1716
1040868,0.0725,-0.0063,0.8807,0.0,0.5335,0.0,0.1716
1040885,0.1044,-0.0267,1.0658,0.0,0.531,0.0,0.1716
1040901,0.1158,0.0686,0.9799,0.0,0.5278,0.0,0.1692
1040918,0.1185,0.0563,1.0318,0.0,0.523,0.0,0.17
1040934,0.0771,-0.0444,0.916,0.0,0.5238,0.0,0.1644
1040951,0.1045,0.0132,0.9928,0.0,0.5254,0.0,0.1716
1040967,0.1058,0.0307,0.9887,0.0,0.5262,0.0,0.1611
1040984,0.1073,0.0207,0.9965,0.0,0.5262,0.0,0.1724
1041000,0.1004,0.0017,0.9729,0.0,0.523,0.0,0.1724
1041017,0.1015,0.0061,0.9694,0.0,0.5222,0.0,0.17
1041033,0.1063,0.0119,0.9583,0.0,0.5238,0.0,0.17
1041049,0.1048,0.009,0.974,0.0,0.5294,0.0,0.1692
1041066,0.0966,-0.0009,0.9669,0.0,0.5246,0.0,0.1716
1041082,0.0911,0.0006,0.9618,0.0,0.5246,0.0,0.1732
1041099,0.1064,0.0022,0.9926,0.0,0.5214,0.0,0.1724
1041115,0.1013,0.0088,0.9614,0.0,0.5262,0.0,0.1716
1041133,0.1045,0.0097,0.9846,0.0,0.5262,0.0,0.1708
1041149,0.1046,0.0095,0.987,0.0,0.5318,0.0,0.1668
1041166,0.1017,0.0071,0.9751,0.0,0.5278,0.0,0.1748
1041182,0.0998,0.0138,0.9625,0.0,0.5343,0.0,0.1732
1041199,0.1076,0.0105,0.9692,0.0,0.5238,0.0,0.1716
1041215,0.1066,0.0117,0.9717,0.0,0.5327,0.0,0.17
1041232,0.1005,0.0091,0.9531,0.0,0.5375,0.0,0.1716
1041247,0.1015,0.0113,0.9734,0.0,0.5391,0.0,0.17
1041264,0.1002,0.0052,0.9555,0.0,0.5391,0.0,0.1748
1041280,0.102,0.0134,0.9562,0.0,0.5383,0.0,0.1724
1041297,0.1079,0.0142,0.954,0.0,0.5318,0.0,0.17
1041313,0.1066,0.0143,0.9471,0.0,0.5359,0.0,0.17
1041330,0.1025,0.0131,0.9468,0.0,0.5367,0.0,0.1716
1041346,0.1035,0.0104,0.9582,0.0,0.5375,0.0,0.1748
1041362,0.0998,0.011,0.9597,0.0,0.5399,0.0,0.1724
1041379,0.106,0.0046,0.9806,0.0,0.5343,0.0,0.1716
1041395,0.106,0.0057,0.9743,0.0,0.5359,0.0,0.1724
1041412,0.1025,0.0108,0.9599,0.0,0.5327,0.0,0.1708
1041428,0.1033,0.0105,0.9614,0.0,0.5383,0.0,0.1716
1041445,0.1024,0.0101,0.9717,0.0,0.5351,0.0,0.1732
1041461,0.0994,0.0048,0.975,0.0,0.5343,0.0,0.1716
1041478,0.1028,0.007,0.9631,0.0,0.5286,0.0,0.17
1041494,0.1053,0.0163,0.9688,0.0,0.531,0.0,0.17
1041510,0.1004,0.0041,0.9611,0.0,0.531,0.0,0.1708
1041526,0.1015,0.0057,0.9712,0.0,0.5343,0.0,0.1748
1041543,0.1,0.0047,0.9665,0.0,0.5286,0.0,0.1732
1041559,0.1024,0.0079,0.971,0.0,0.5246,0.0,0.1716
1041576,0.1029,0.0083,0.9615,0.0,0.5278,0.0,0.1708
1041592,0.1047,0.0085,0.9671,0.0,0.531,0.0,0.17
1041609,0.1035,0.0075,0.9668,0.0,0.5318,0.0,0.17
1041625,0.1008,0.0055,0.9675,0.0,0.5335,0.0,0.1716
1041641,0.1016,0.006,0.9701,0.0,0.5327,0.0,0.1724
1041658,0.1033,0.0098,0.9658,0.0,0.523,0.0,0.1732
1041674,0.1048,0.0111,0.967,0.0,0.5294,0.0,0.1716
1041691,0.103,0.0062,0.9687,0.0,0.531,0.0,0.1708
1041707,0.1005,0.0056,0.9618,0.0,0.5318,0.0,0.1716
1041724,0.0996,0.0047,0.9678,0.0,0.5343,0.0,0.1732
1041740,0.1027,0.0065,0.9667,0.0,0.5327,0.0,0.1716
1041757,0.1045,0.0088,0.9691,0.0,0.5262,0.0,0.1708
1041773,0.105,0.01,0.9671,0.0,0.531,0.0,0.1732
1041789,0.1026,0.0078,0.9704,0.0,0.5327,0.0,0.1708
1041805,0.0998,0.0052,0.9672,0.0,0.531,0.0,0.1708
1041822,0.1013,0.0045,0.9671,0.0,0.5327,0.0,0.1724
1041838,0.1045,0.0095,0.9659,0.0,0.5327,0.0,0.1668
1041855,0.1032,0.0096,0.9677,0.0,0.5351,0.0,0.1708
1041871,0.1035,0.0086,0.9674,0.0,0.5351,0.0,0.1652
1041888,0.1015,0.0062,0.9699,0.0,0.5359,0.0,0.1772
1041904,0.1006,0.0068,0.9694,0.0,0.5327,0.0,0.174
1041920,0.102,0.0074,0.9702,0.0,0.5343,0.0,0.166
1041936,0.1042,0.009,0.9658,0.0,0.5327,0.0,0.174
1041953,0.1047,0.0088,0.9639,0.0,0.5335,0.0,0.1692
1041969,0.1027,0.0079,0.9686,0.0,0.5407,0.0,0.1748
1041986,0.101,0.0061,0.9655,0.0,0.5383,0.0,0.174
1042002,0.0994,0.0099,0.9654,0.0,0.5359,0.0,0.174
1042019,0.0982,0.0048,0.933,0.0,0.5343,0.0,0.1716
1042035,0.1164,0.0107,1.0123,0.0,0.5407,0.0,0.17
1042051,0.0971,0.0183,0.99,0.0,0.5359,0.0,0.1732
1042067,0.1029,-0.0042,0.9354,0.0,0.5375,0.0,0.1724
1042084,0.1101,0.0347,1.0235,0.0,0.5359,0.0,0.174
1042100,0.0992,-0.0042,0.9061,0.0,0.5318,0.0,0.1732
1042117,0.087,0.0138,0.9877,0.0,0.5302,0.0,0.1692
1042133,0.1015,-0.0014,0.9257,0.0,0.531,0.0,0.174
1042150,0.1043,0.0035,0.9576,0.0,0.5318,0.0,0.174
1042166,0.1038,0.0177,0.9981,0.0,0.5302,0.0,0.1748
1042182,0.1026,0.0008,0.9593,0.0,0.5327,0.0,0.1732
1042198,0.1028,-0.0005,0.9717,0.0,0.531,0.0,0.1652
1042215,0.1016,-0.0,0.9415,0.0,0.5343,0.0,0.1724
1042232,0.105,0.0181,0.9783,0.0,0.5343,0.0,0.17
1042249,0.1076,0.0076,0.9854,0.0,0.5351,0.0,0.1692
1042265,0.1037,0.0036,0.9891,0.0,0.5359,0.0,0.1797
1042282,0.0974,0.0002,0.9304,0.0,0.5327,0.0,0.1716
1042298,0.1152,0.0179,1.0063,0.0,0.5327,0.0,0.1716
1042315,0.1025,0.0082,0.9962,0.0,0.5327,0.0,0.1708
1042331,0.1004,-0.0074,0.9098,0.0,0.5351,0.0,0.1724
1042347,0.1086,0.021,1.0277,0.0,0.5367,0.0,0.1716
1042363,0.1008,0.0051,0.9502,0.0,0.5375,0.0,0.1716
1042380,0.1049,0.0132,0.9832,0.0,0.5302,0.0,0.1748
1042396,0.1053,-0.0056,0.971,0.0,0.5359,0.0,0.174
1042413,0.0988,0.0073,0.9652,0.0,0.5327,0.0,0.17
1042429,0.1053,0.0109,0.9696,0.0,0.5335,0.0,0.17
1042446,0.1008,0.0044,0.9796,0.0,0.5343,0.0,0.174
1042462,0.101,0.002,0.9527,0.0,0.5327,0.0,0.1748
1042479,0.1014,0.0104,0.963,0.0,0.531,0.0,0.1708
1042494,0.1009,-0.0004,0.9449,0.0,0.5318,0.0,0.166
1042511,0.105,0.0068,0.9735,0.0,0.5278,0.0,0.166
1042527,0.1081,0.0141,0.9898,0.0,0.5343,0.0,0.1708
1042544,0.1095,0.0139,1.0039,0.0,0.5327,0.0,0.1708
1042560,0.1099,0.0115,0.9859,0.0,0.527,0.0,0.1708
1042577,0.1136,0.012,1.0049,0.0,0.5335,0.0,0.17
1042593,0.0988,0.0117,0.9556,0.0,0.5278,0.0,0.1724
1042610,0.0986,0.0033,0.939,0.0,0.5367,0.0,0.1732
1042626,0.0985,0.0027,0.9441,0.0,0.5327,0.0,0.1756
1042642,0.0992,0.006,0.9893,0.0,0.5318,0.0,0.17
1042659,0.1136,0.0137,0.9767,0.0,0.5246,0.0,0.1692
1042675,0.0984,0.0184,0.9272,0.0,0.5214,0.0,0.1627
1042692,0.1017,0.0084,0.9754,0.0,0.5222,0.0,0.1668
1042708,0.1,0.004,0.9678,0.0,0.5262,0.0,0.174
1042725,0.1011,0.0008,0.9825,0.0,0.5318,0.0,0.174
1042741,0.1044,0.0125,0.9626,0.0,0.5278,0.0,0.1756
1042757,0.1044,0.0113,0.9559,0.0,0.5294,0.0,0.1724
1042773,0.1036,0.0101,0.9707,0.0,0.531,0.0,0.1716
1042790,0.1045,0.0115,0.982,0.0,0.5327,0.0,0.1764
1042806,0.104,0.0048,0.9725,0.0,0.5343,0.0,0.174
1042823,0.0985,0.0018,0.9664,0.0,0.5278,0.0,0.1772
1042839,0.1028,0.0114,0.972,0.0,0.5359,0.0,0.174
1042856,0.105,0.0111,0.9732,0.0,0.5359,0.0,0.1708
1042872,0.1038,0.0085,0.9639,0.0,0.5391,0.0,0.1732
1042888,0.1036,0.0063,0.9635,0.0,0.5391,0.0,0.1708
1042905,0.1016,0.0073,0.967,0.0,0.5383,0.0,0.1716
1042921,0.1034,0.0071,0.977,0.0,0.5375,0.0,0.174
1042938,0.1044,0.0103,0.9653,0.0,0.5367,0.0,0.1684
1042954,0.1044,0.0092,0.974,0.0,0.5351,0.0,0.1708
1042971,0.1021,0.0094,0.9658,0.0,0.5359,0.0,0.174
1042987,0.1003,0.0068,0.9775,0.0,0.5367,0.0,0.174
1043004,0.101,0.009,0.9673,0.0,0.5359,0.0,0.1732
1043020,0.1021,0.0052,0.9665,0.0,0.5343,0.0,0.1684
1043036,0.104,0.009,0.9684,0.0,0.5318,0.0,0.1724
1043052,0.1027,0.0084,0.9653,0.0,0.5335,0.0,0.1716
1043069,0.1036,0.0069,0.969,0.0,0.523,0.0,0.1716
1043085,0.1028,0.0077,0.9658,0.0,0.5335,0.0,0.1748
1043102,0.1034,0.006,0.9686,0.0,0.5318,0.0,0.174
1043118,0.1034,0.0073,0.9627,0.0,0.531,0.0,0.17
1043135,0.1046,0.0084,0.9622,0.0085,0.531,0.0,0.1716
1043151,0.1046,0.009,0.9633,0.0,0.5351,0.0,0.1716
1043167,0.0985,0.0048,0.9726,0.0,0.5383,0.0,0.174
1043183,0.0997,0.0076,0.9603,0.0,0.5327,0.0,0.1732
1043200,0.1058,0.0068,0.9724,0.0,0.5302,0.0,0.1716
1043216,0.1045,0.0062,0.9649,0.0,0.5294,0.0,0.1708
1043233,0.105,0.0071,0.9678,0.0,0.5302,0.0,0.1716
1043249,0.1042,0.0091,0.9724,0.0,0.5343,0.0,0.1716
1043266,0.1023,0.0085,0.9555,0.0,0.5343,0.0,0.1708
1043282,0.1025,0.0053,0.9644,0.0,0.5351,0.0,0.174
1043298,0.1031,0.0053,0.9645,0.0,0.5335,0.0,0.17
1043314,0.1058,0.0091,0.9687,0.0,0.5327,0.0,0.17
1043332,0.1014,0.0068,0.9681,0.0,0.5359,0.0,0.1676
1043348,0.1028,0.0063,0.9698,0.0,0.5351,0.0,0.1716
1043365,0.1027,0.0091,0.9699,0.0,0.5343,0.0,0.1764
1043381,0.1023,0.0086,0.9661,0.0,0.5294,0.0,0.1668
1043398,0.1045,0.0088,0.9641,0.0,0.5327,0.0,0.1732
1043414,0.104,0.009,0.9653,0.0,0.5318,0.0,0.1676
1043431,0.1032,0.0086,0.9718,0.0,0.5335,0.0,0.1732
1043447,0.1013,0.0069,0.9669,0.0,0.5367,0.0,0.1764
1043464,0.1018,0.0059,0.9673,0.0,0.531,0.0,0.174
1043479,0.1053,0.0094,0.9619,0.0,0.5302,0.0,0.1716
1043496,0.1022,0.0128,0.9566,0.0,0.5278,0.0,0.1716
1043512,0.1055,0.0064,0.9678,0.0,0.5327,0.0,0.1716
1043529,0.1027,0.0071,0.969,0.0,0.5302,0.0,0.1748
1043545,0.1014,0.0077,0.9658,0.0,0.5278,0.0,0.1772
1043562,0.1045,0.0061,0.9826,0.0,0.523,0.0,0.17
1043578,0.1048,0.0073,0.9599,0.0,0.5262,0.0,0.1692
1043595,0.1028,0.0076,0.9651,0.0,0.527,0.0,0.166
1043610,0.1026,0.0075,0.9614,0.0,0.523,0.0,0.1732
1043627,0.0987,0.0033,0.9597,0.0,0.5302,0.0,0.1764
1043643,0.1032,0.0087,0.9663,0.0,0.527,0.0,0.1724
1043660,0.1036,0.0078,0.9771,0.0,0.5246,0.0,0.1627
1043676,0.1036,0.0103,0.9662,0.0,0.5262,0.0,0.1732
1043693,0.1026,0.0105,0.9821,0.0,0.5327,0.0,0.1716
1043709,0.1009,0.007,0.9675,0.0,0.5327,0.0,0.1732
1043725,0.1044,0.0083,0.9845,0.0,0.531,0.0,0.1781
1043742,0.0992,0.0086,0.9584,0.0,0.531,0.0,0.174
1043758,0.1021,0.0091,0.9708,0.0,0.5278,0.0,0.1716
1043775,0.1019,0.0092,0.9553,0.0,0.5294,0.0,0.1708
1043791,0.1006,0.005,0.9629,0.0,0.531,0.0,0.174
1043808,0.1039,0.0085,0.9664,0.0,0.5318,0.0,0.1708
1043824,0.102,0.0077,0.9674,0.0,0.5302,0.0,0.1724
1043841,0.1045,0.0061,0.9728,0.0,0.5278,0.0,0.1716
1043857,0.1045,0.0092,0.9602,0.0,0.5327,0.0,0.17
1043874,0.102,0.0047,0.964,0.0,0.531,0.0,0.1668
1043889,0.1048,0.0072,0.9693,0.0,0.5302,0.0,0.1708
1043906,0.1003,0.0118,0.976,0.0,0.5318,0.0,0.1732
1043922,0.1033,0.0033,0.972,0.0,0.5318,0.0,0.1716
1043939,0.1049,0.0119,0.9686,0.0,0.5214,0.0,0.1716
1043955,0.1039,0.0104,0.9688,0.0,0.5246,0.0,0.1724
1043972,0.1041,0.0096,0.9714,0.0,0.5262,0.0,0.1724
1043988,0.1029,0.0077,0.9727,0.0085,0.531,0.0,0.1732
1044005,0.101,0.005,0.968,0.0,0.5278,0.0,0.166
1044021,0.1031,0.009,0.9676,0.0,0.5246,0.0,0.1708
1044037,0.1024,0.0074,0.9642,0.0,0.5278,0.0,0.1708
1044054,0.1031,0.0084,0.9694,0.0,0.5262,0.0,0.17
1044070,0.1023,0.0084,0.9687,0.0,0.527,0.0,0.1716
1044087,0.101,0.0058,0.966,0.0,0.5278,0.0,0.1732
1044103,0.1045,0.0097,0.9749,0.0,0.5262,0.0,0.17
1044120,0.1042,0.0069,0.973,0.0,0.527,0.0,0.1684
1044136,0.1038,0.0115,0.9649,0.0,0.5262,0.0,0.174
1044153,0.1038,0.0101,0.9686,0.0,0.5254,0.0,0.1732
1044169,0.1034,0.0071,0.9699,0.0,0.5294,0.0,0.1732
1044185,0.1006,0.0054,0.9621,0.0,0.5343,0.0,0.1716
1044202,0.1025,0.009,0.9693,0.0,0.5318,0.0,0.1716
1044218,0.1025,0.0087,0.9639,0.0,0.531,0.0,0.1708
1044235,0.1063,0.0088,0.9715,0.0,0.5302,0.0,0.1668
1044251,0.1038,0.0083,0.9629,0.0,0.531,0.0,0.1708
1044268,0.1026,0.007,0.9677,0.0,0.5359,0.0,0.1724
1044284,0.1024,0.0085,0.9742,0.0,0.531,0.0,0.1732
1044301,0.1047,0.0106,0.9685,0.0,0.5318,0.0,0.17
1044317,0.1036,0.0076,0.9658,0.0,0.5327,0.0,0.17
1044333,0.1024,0.0087,0.9627,0.0,0.5351,0.0,0.1684
1044350,0.1022,0.0071,0.9659,0.0,0.5359,0.0,0.1732
1044366,0.1026,0.0079,0.9677,0.0,0.5359,0.0,0.1708
1044383,0.1035,0.0092,0.9739,0.0,0.5318,0.0,0.1692
1044399,0.1031,0.0081,0.9669,0.0,0.5327,0.0,0.1692
1044416,0.1036,0.0092,0.9716,0.0,0.5335,0.0,0.1652
1044433,0.103,0.0065,0.9692,0.0,0.5335,0.0,0.1692
1044450,0.1025,0.0072,0.9682,0.0,0.5359,0.0,0.1716
1044466,0.1032,0.009,0.9694,0.0,0.5343,0.0,0.1756
1044483,0.1001,-0.0017,0.9661,0.0,0.5302,0.0,0.1716
1044499,0.0995,0.0087,0.9763,0.0,0.5327,0.0,0.1668
1044516,0.1057,0.006,0.9791,0.0,0.5335,0.0,0.17
1044532,0.1029,0.0026,0.9773,0.0,0.5351,0.0,0.17
1044548,0.1042,0.0096,0.9688,0.0,0.5343,0.0,0.1732
1044565,0.104,0.0094,0.9735,0.0,0.5343,0.0,0.17
1044581,0.1044,0.0086,0.968,0.0,0.5343,0.0,0.1732
1044598,0.1044,0.0097,0.9619,0.0,0.5302,0.0,0.17
1044614,0.1012,0.0079,0.9619,0.0,0.5318,0.0,0.1676
1044631,0.1016,0.007,0.95,0.0,0.5375,0.0,0.1732
1044647,0.1021,0.0051,0.975,0.0,0.5335,0.0,0.174
1044664,0.1024,0.0058,0.9774,0.0,0.5278,0.0,0.1716
1044680,0.1026,0.0072,0.9643,0.0,0.527,0.0,0.17
1044697,0.105,0.0097,0.977,0.0,0.5133,0.0,0.1692
1044713,0.1063,0.012,0.9676,0.0,0.5335,0.0,0.1724
1044729,0.1049,0.009,0.9751,0.0,0.5302,0.0,0.1748
1044746,0.1019,0.0098,0.9709,0.0,0.5375,0.0,0.1748
1044762,0.103,0.008,0.9659,0.0,0.527,0.0,0.1716
1044779,0.1033,0.0061,0.9625,0.0,0.5254,0.0,0.1724
1044795,0.1018,0.0031,0.9683,0.0,0.5262,0.0,0.1684
1044812,0.1038,0.0065,0.9705,0.0,0.5278,0.0,0.1716
1044828,0.0984,0.0057,0.9593,0.0,0.5278,0.0,0.1781
1044845,0.1031,0.007,0.9646,0.0,0.5302,0.0,0.1708
1044861,0.1038,0.0056,0.9726,0.0,0.5246,0.0,0.1716
1044877,0.1032,0.008,0.9784,0.0,0.5294,0.0,0.1708
1044894,0.1044,0.0087,0.9716,0.0,0.5318,0.0,0.1724
1044910,0.1042,0.0103,0.9595,0.0,0.5327,0.0,0.1732
1044927,0.1023,0.0117,0.9602,0.0,0.5262,0.0,0.1724
1044943,0.103,0.0091,0.9527,0.0,0.5254,0.0,0.1748
1044960,0.102,0.0102,0.9535,0.0,0.5302,0.0,0.174
1044976,0.1019,0.0051,0.9683,0.0,0.531,0.0,0.1716
1044993,0.102,0.0026,0.9723,0.0,0.5327,0.0,0.1716
1045009,0.1019,0.0052,0.9752,0.0,0.5343,0.0,0.174
1045025,0.1034,0.0048,0.977,0.0,0.5318,0.0,0.1732
1045042,0.1047,0.0075,0.9788,0.0,0.5254,0.0,0.1652
1045058,0.1034,0.0044,0.9781,0.0,0.5278,0.0,0.1732
1045075,0.1018,0.0059,0.9781,0.0,0.5335,0.0,0.1724
1045091,0.1022,0.0064,0.9733,0.0,0.5343,0.0,0.1772
1045108,0.1019,0.0097,0.9649,0.0,0.5335,0.0,0.1764
1045124,0.1036,0.011,0.9609,0.0,0.5318,0.0,0.1748
1045141,0.1045,0.0099,0.9533,0.0,0.5302,0.0,0.174
1045157,0.1035,0.0096,0.952,0.0,0.5318,0.0,0.17
1045173,0.1015,0.0098,0.9494,0.0,0.5262,0.0,0.1724
1045189,0.1056,0.0065,0.9641,0.0,0.5327,0.0,0.174
1045206,0.1044,0.0023,0.975,0.0,0.5294,0.0,0.1708
1045222,0.1021,0.0051,0.9765,0.0,0.5302,0.0,0.17
1045239,0.1043,0.0082,0.9669,0.0,0.5246,0.0,0.166
1045255,0.101,0.01,0.9689,0.0,0.531,0.0,0.1716
1045272,0.1041,0.0062,0.974,0.0,0.5343,0.0,0.1724
1045288,0.1018,0.0078,0.962,0.0,0.5335,0.0,0.1764
1045304,0.1046,0.0064,0.9691,0.0,0.5343,0.0,0.1756
1045320,0.1044,0.0081,0.969,0.0,0.5327,0.0,0.1716
1045337,0.1006,0.0086,0.9657,0.0,0.5327,0.0,0.1772
1045353,0.1016,0.0079,0.9729,0.0,0.5351,0.0,0.1716
1045370,0.1038,0.0099,0.9621,0.0,0.5343,0.0,0.1748
1045386,0.1028,0.0067,0.9681,0.0,0.5343,0.0,0.1732
1045403,0.1028,0.0081,0.9688,0.0,0.5359,0.0,0.1716
1045419,0.1033,0.0072,0.967,0.0,0.5278,0.0,0.1668
1045435,0.1036,0.0042,0.9703,0.0,0.5327,0.0,0.1764
1045452,0.1039,0.0053,0.9644,0.0,0.5262,0.0,0.174
1045468,0.1063,0.0078,0.9706,0.0,0.5359,0.0,0.1748
1045485,0.1045,0.0088,0.9678,0.0,0.5335,0.0,0.1716
1045501,0.1046,0.0086,0.974,0.0,0.5214,0.0,0.1644
1045518,0.1039,0.0092,0.9631,0.0,0.5302,0.0,0.1652
1045535,0.1003,0.0081,0.9776,0.0,0.5335,0.0,0.17
1045552,0.1024,0.0071,0.967,0.0,0.5327,0.0,0.1716
1045568,0.1022,0.0066,0.9671,0.0,0.5375,0.0,0.1716
1045585,0.1045,0.0089,0.9672,0.0,0.5359,0.0,0.1668
1045601,0.1026,0.0077,0.9669,0.0,0.5343,0.0,0.1692
1045618,0.1039,0.0094,0.9677,0.0,0.5343,0.0,0.1708
1045634,0.1029,0.0072,0.9692,0.0,0.5359,0.0,0.1716
1045650,0.1015,0.0079,0.9702,0.0,0.5318,0.0,0.174
1045667,0.1017,0.007,0.9653,0.0,0.5318,0.0,0.1748
1045683,0.1046,0.0102,0.9685,0.0,0.5246,0.0,0.1692
1045700,0.1024,0.0081,0.9675,0.0,0.5278,0.0,0.174
1045716,0.1007,0.0061,0.9615,0.0,0.5278,0.0,0.1708
1045733,0.1045,0.0073,0.9702,0.0,0.5318,0.0,0.1732
1045749,0.1001,0.0071,0.9579,0.0,0.531,0.0,0.1716
1045766,0.1009,0.0086,0.9653,0.0,0.5302,0.0,0.17
1045782,0.1023,0.0082,0.9625,0.0,0.5238,0.0,0.1652
1045799,0.103,0.0079,0.9673,0.0,0.5246,0.0,0.17
1045814,0.102,0.0067,0.9703,0.0,0.5302,0.0,0.1668
1045831,0.104,0.0068,0.9686,0.0,0.5246,0.0,0.1756
1045847,0.1042,0.0093,0.967,0.0,0.5238,0.0,0.1692
1045864,0.1045,0.0081,0.9706,0.0,0.5254,0.0,0.1684
1045880,0.1021,0.0079,0.9654,0.0,0.527,0.0,0.1636
1045897,0.1028,0.0082,0.9702,0.0,0.5327,0.0,0.17
1045913,0.1028,0.009,0.972,0.0,0.527,0.0,0.1716
1045930,0.1038,0.0085,0.9729,0.0,0.531,0.0,0.17
1045945,0.1029,0.0074,0.966,0.0,0.527,0.0,0.1708
1045962,0.103,0.008,0.9689,0.0,0.5278,0.0,0.166
1045978,0.1033,0.007,0.9671,0.0,0.5278,0.0,0.17
1045995,0.1021,0.0063,0.9716,0.0,0.5262,0.0,0.1716
1046011,0.1032,0.0085,0.9676,0.0,0.5343,0.0,0.1748
1046028,0.1033,0.0077,0.9647,0.0,0.5327,0.0,0.174
1046044,0.1032,0.0083,0.9671,0.0,0.531,0.0,0.17
1046060,0.1034,0.0091,0.9703,0.0,0.5286,0.0,0.1668
1046076,0.1036,0.0076,0.9626,0.0,0.5327,0.0,0.1684
1046093,0.1018,0.0101,0.967,0.0,0.5359,0.0,0.17
1046109,0.103,0.0079,0.9697,0.0,0.5343,0.0,0.1732
1046126,0.1036,0.0085,0.9655,0.0,0.5375,0.0,0.1732
1046142,0.1038,0.0085,0.9689,0.0,0.5318,0.0,0.17
1046159,0.1024,0.0082,0.9679,0.0,0.5351,0.0,0.17
1046175,0.1023,0.0074,0.9696,0.0,0.5335,0.0,0.1716
1046191,0.1019,0.0084,0.9641,0.0,0.5359,0.0,0.1748
1046207,0.1031,0.0085,0.9646,0.0,0.5327,0.0,0.1748
1046224,0.1031,0.0104,0.9648,0.0,0.5318,0.0,0.1684
1046240,0.1035,0.0069,0.9726,0.0,0.5335,0.0,0.1692
1046257,0.1007,0.0093,0.9638,0.0,0.5415,0.0,0.1668
1046273,0.1004,0.0056,0.9711,0.0,0.5351,0.0,0.1716
1046290,0.1004,0.0061,0.9619,0.0,0.5359,0.0,0.1764
1046306,0.102,0.0069,0.971,0.0,0.5327,0.0,0.174
1046322,0.1043,0.0083,0.9681,0.0,0.5351,0.0,0.1708
1046339,0.1027,0.007,0.9669,0.0,0.5375,0.0,0.1716
1046355,0.1034,0.0064,0.9677,0.0,0.5343,0.0,0.1692
1046372,0.1019,0.0077,0.9669,0.0,0.5367,0.0036,0.1716
1046388,0.1039,0.0081,0.9677,0.0,0.5359,0.0,0.174
1046405,0.1041,0.0067,0.969,0.0,0.5262,0.0,0.1724
1046421,0.1032,0.0047,0.9755,0.0,0.531,0.0,0.1708
1046438,0.1036,0.0084,0.9738,0.0,0.5335,0.0,0.1716
1046454,0.1036,0.0087,0.9655,0.0,0.5359,0.0,0.1732
1046471,0.1032,0.0097,0.964,0.0,0.5375,0.0,0.1748
1046487,0.104,0.0043,0.9705,0.0,0.5343,0.0,0.1732
1046503,0.0996,0.0037,0.9796,0.0,0.5318,0.0,0.17
1046520,0.1066,0.0051,0.9798,0.0,0.5351,0.0,0.1708
1046536,0.1033,0.0096,0.9744,0.0,0.531,0.0,0.1732
1046553,0.1022,0.0139,0.9522,0.0,0.5327,0.0,0.1756
1046569,0.1033,0.0134,0.9516,0.0,0.531,0.0,0.174
1046586,0.1071,0.0102,0.9688,0.0,0.5246,0.0,0.1668
1046602,0.1025,0.005,0.9728,0.0,0.5246,0.0,0.17
1046619,0.0991,-0.0017,0.9692,0.0,0.5262,0.0,0.17
1046636,0.1112,0.0004,1.0201,0.0,0.531,0.0,0.1724
1046653,0.098,-0.0047,0.9743,0.0,0.5335,0.0,0.1732
1046669,0.0959,-0.0002,0.9635,0.0,0.5335,0.0,0.1756
1046686,0.099,0.0035,0.9741,0.0,0.5302,0.0,0.17
1046702,0.1118,0.0111,0.9836,0.0,0.5327,0.0,0.1708
1046718,0.1035,0.0101,0.9543,0.0,0.5343,0.0,0.17
1046735,0.101,0.0108,0.9599,0.0,0.5335,0.0,0.1668
1046751,0.1,0.0033,0.963,0.0,0.5343,0.0,0.1764
1046768,0.101,0.0052,0.9725,0.0,0.5359,0.0,0.1716
1046784,0.1043,0.0069,0.9731,0.0,0.5318,0.0,0.1724
1046801,0.1074,0.0098,0.9652,0.0,0.5327,0.0,0.1708
1046817,0.1037,0.0108,0.9577,0.0,0.5367,0.0,0.1716
1046834,0.1015,0.0077,0.9713,0.0,0.5359,0.0,0.1764
1046850,0.0986,0.0084,0.9623,0.0,0.5439,0.0,0.1732
1046866,0.1072,0.0076,0.96,0.0,0.5359,0.0,0.1716
1046882,0.1302,0.0302,1.005,0.0,0.5318,0.0,0.1668
1046899,0.1131,-0.0107,1.052,0.0,0.5351,0.0,0.1684
1046915,0.1031,0.0192,0.9973,0.0,0.5278,0.0,0.17
1046932,0.1096,0.0076,1.0454,0.0,0.5343,0.0,0.1716
1046948,0.0888,0.0078,0.8761,0.0,0.5278,0.0,0.1724
1046965,0.0874,-0.0015,1.0662,0.0,0.527,0.0,0.1732
1046981,0.1335,0.057,0.9063,0.0,0.5254,0.0,0.1684
1046997,0.1094,0.0394,0.8375,0.0,0.5278,0.0,0.1708
1047014,0.1189,0.0708,0.9472,0.0,0.5302,0.0,0.17
1047030,0.1023,-0.0072,0.9126,0.0,0.5214,0.0,0.1716
1047047,0.0982,-0.0096,0.9276,0.0,0.5222,0.0,0.1716
1047063,0.0967,0.0032,0.9445,0.0,0.5198,0.0,0.17
1047080,0.1017,0.0096,0.9626,0.0,0.5101,0.0,0.166
1047096,0.1065,0.0044,0.9698,0.0,0.5198,0.0,0.1668
1047113,0.1047,0.0082,0.9741,0.0,0.5222,0.0,0.174
1047129,0.1022,0.007,0.9702,0.0,0.5198,0.0,0.1732
1047145,0.101,0.0095,0.9718,0.0,0.5214,0.0,0.17
1047162,0.1035,0.0101,0.972,0.0,0.523,0.0,0.1676
1047178,0.1049,0.0099,0.9701,0.0,0.5294,0.0,0.1748
1047195,0.1076,0.0097,0.9686,0.0,0.5318,0.0,0.174
1047211,0.1028,0.0034,0.9712,0.0,0.5286,0.0,0.1724
1047228,0.1009,0.0082,0.9698,0.0,0.5335,0.0,0.1724
1047244,0.1031,0.0117,0.9704,0.0,0.5327,0.0,0.166
1047261,0.1067,0.0064,0.9683,0.0,0.5327,0.0,0.1708
1047277,0.1087,0.0065,0.9674,0.0,0.5351,0.0,0.1692
1047294,0.1041,0.0079,0.9678,0.0,0.5407,0.0,0.1756
1047309,0.1016,0.0081,0.9692,0.0,0.5359,0.0,0.1756
1047326,0.1,0.009,0.9723,0.0,0.5367,0.0,0.17
1047342,0.1018,0.0098,0.9628,0.0,0.5359,0.0,0.166
1047359,0.1064,0.0054,0.9667,0.0,0.5383,0.0,0.1716
1047375,0.1054,0.006,0.9629,0.0,0.5391,0.0,0.1644
1047392,0.1009,0.0091,0.9706,0.0,0.5399,0.0,0.174
1047408,0.1012,0.0059,0.967,0.0,0.5375,0.0,0.174
1047425,0.1059,0.0065,0.9758,0.0,0.5351,0.0,0.1708
1047440,0.105,0.0026,0.9643,0.0,0.5351,0.0,0.1692
1047457,0.1047,0.0091,0.9733,0.0,0.5407,0.0,0.1716
1047473,0.1023,0.0075,0.9645,0.0,0.5415,0.0,0.1797
1047490,0.1015,0.0101,0.9795,0.0,0.5439,0.0,0.1732
1047506,0.1017,0.0038,0.9669,0.0,0.5367,0.0,0.1692
1047523,0.1033,0.0067,0.9645,0.0,0.5367,0.0,0.17
1047538,0.1039,0.0118,0.9653,0.0,0.5375,0.0,0.1724
1047555,0.1011,0.0093,0.9669,0.0,0.5391,0.0,0.1748
1047571,0.1013,0.0064,0.9626,0.0,0.5383,0.0,0.1724
1047588,0.1005,0.0067,0.9639,0.0,0.5375,0.0,0.174
1047604,0.1035,0.0065,0.9707,0.0,0.5343,0.0,0.17
1047621,0.1021,0.0102,0.9659,0.0,0.5351,0.0,0.1724
1047637,0.1072,0.0104,0.9788,0.0,0.5359,0.0,0.1716
1047654,0.1014,0.0089,0.9664,0.0,0.5431,0.0,0.1748
1047670,0.1016,0.0053,0.9694,0.0,0.5383,0.0,0.1732
1047686,0.1033,0.0033,0.9735,0.0,0.5359,0.0,0.1716
1047703,0.1032,0.0058,0.9528,0.0,0.5246,0.0,0.1684
1047719,0.1051,0.0111,0.9718,0.0,0.5335,0.0,0.1684
1047736,0.1032,0.0096,0.9689,0.0,0.5302,0.0,0.1732
1047753,0.1017,0.0053,0.9728,0.0,0.5343,0.0,0.1732
1047769,0.1016,0.006,0.9592,0.0,0.531,0.0,0.1732
1047786,0.1001,0.0065,0.9654,0.0,0.5262,0.0,0.17
1047802,0.1043,0.0119,0.9676,0.0,0.5278,0.0,0.1716
1047819,0.1055,0.0118,0.9702,0.0,0.527,0.0,0.17
1047835,0.1042,0.0062,0.9688,0.0,0.531,0.0,0.1724
1047852,0.1027,0.0064,0.974,0.0,0.531,0.0,0.1756
1047867,0.0994,0.0053,0.962,0.0,0.5262,0.0,0.17
1047884,0.0985,0.0073,0.9633,0.0,0.5206,0.0,0.1668
1047900,0.1066,0.0211,0.9781,0.0,0.5246,0.0,0.1676
1047917,0.1049,0.0133,0.973,0.0,0.523,0.0,0.1692
1047933,0.102,0.0071,0.9463,0.0,0.5278,0.0,0.1732
1047950,0.0882,-0.014,0.9291,0.0,0.5254,0.0,0.174
1047966,0.0989,-0.0076,0.9536,0.0,0.523,0.0,0.1692
1047983,0.0989,0.0028,0.9664,0.0,0.5238,0.0,0.17
