t_ms,ax,ay,az,L_env,L_raw,R_env,R_raw
24446,0.2474,-0.1638,0.9254,0.0,0.5633,0.0,0.1829
24461,0.2485,-0.1621,0.9286,0.0,0.4964,0.0,0.1144
24476,0.245,-0.1585,0.9283,0.0,0.5625,0.0,0.1394
24739,0.2532,-0.1663,0.9241,0.0,0.5754,0.0,0.1072
24756,0.2463,-0.1655,0.9243,0.0,0.635,0.0,0.1458
24772,0.2511,-0.1667,0.9306,0.0,0.6874,0.0,0.2038
24789,0.248,-0.1677,0.9241,0.0,0.6681,0.0,0.2256
24805,0.2485,-0.1698,0.9311,0.0,0.5971,0.0,0.1756
24821,0.2562,-0.1747,0.9245,0.0,0.5262,0.0,0.112
24838,0.2548,-0.1758,0.9296,0.0,0.5633,0.0,0.1233
24854,0.2487,-0.1699,0.9266,0.0,0.635,0.0,0.1764
24870,0.2562,-0.1626,0.9209,0.0,0.6664,0.0,0.2224
24887,0.254,-0.1669,0.9118,0.0,0.6237,0.0,0.203
24903,0.2381,-0.1637,0.9365,0.0,0.5327,0.0,0.1378
24920,0.236,-0.1657,0.9404,0.0,0.5093,0.0,0.1063
24936,0.2255,-0.167,0.9471,0.0,0.5745,0.0,0.1402
24953,0.2422,-0.1735,0.931,0.0,0.6431,0.0,0.1974
24969,0.2602,-0.1601,0.9099,0.0,0.6447,0.0,0.2256
24985,0.2349,-0.162,0.9525,0.0,0.5633,0.0,0.1764
25002,0.2489,-0.1726,0.9281,0.0,0.5004,0.0,0.1184
25018,0.2577,-0.1661,0.919,0.0,0.531,0.0,0.116
25034,0.2567,-0.1644,0.9184,0.0,0.6027,0.0,0.1684
25051,0.2535,-0.166,0.9242,0.0,0.6423,0.0,0.2184
25067,0.2424,-0.1636,0.9322,0.0,0.6052,0.0,0.2054
25084,0.2438,-0.1621,0.9316,0.0,0.5278,0.0,0.1499
25100,0.244,-0.17,0.9267,0.0,0.4924,0.0,0.1007
25116,0.2602,-0.1705,0.9222,0.0,0.5584,0.0,0.1394
25133,0.254,-0.1656,0.9196,0.0,0.6302,0.0,0.1998
25149,0.2536,-0.1644,0.9231,0.0,0.6382,0.0,0.2281
25165,0.2471,-0.1632,0.9271,0.0,0.5665,0.0,0.1877
25182,0.2514,-0.1642,0.9267,0.0,0.502,0.0,0.1184
25198,0.2495,-0.1669,0.9215,0.0,0.5246,0.0,0.1136
25215,0.2524,-0.1682,0.9231,0.0,0.5955,0.0,0.1627
25231,0.2483,-0.17,0.9253,0.0,0.6439,0.0,0.2152
25247,0.2472,-0.1677,0.9281,0.0,0.6116,0.0,0.2136
25264,0.2482,-0.1655,0.9272,0.0,0.5246,0.0,0.1491
25280,0.2423,-0.1648,0.9276,0.0,0.4964,0.0,0.1055
25296,0.2495,-0.1639,0.9226,0.0,0.5584,0.0,0.1329
25313,0.2459,-0.1615,0.9312,0.0,0.631,0.0,0.1958
25329,0.2447,-0.1664,0.9266,0.0,0.6471,0.0,0.2264
25346,0.2464,-0.1639,0.9291,0.0,0.5842,0.0,0.1926
25362,0.2402,-0.166,0.9299,0.0,0.5061,0.0,0.1209
25379,0.2497,-0.1628,0.9288,0.0,0.5117,0.0,0.1096
25395,0.2543,-0.1683,0.9168,0.0,0.5858,0.0,0.1523
25412,0.2631,-0.1693,0.9171,0.0,0.6374,0.0,0.2087
25428,0.2518,-0.168,0.9207,0.0,0.627,0.0,0.2216
25445,0.2481,-0.1699,0.9265,0.0,0.5568,0.0,0.1636
25461,0.2393,-0.1707,0.9291,0.0,0.4988,0.0,0.1136
25477,0.249,-0.1599,0.9408,0.0,0.5375,0.0,0.12
25494,0.241,-0.1667,0.9209,0.0,0.61,0.0,0.1756
25510,0.2523,-0.1717,0.926,0.0,0.6471,0.0,0.2232
25527,0.2558,-0.161,0.9244,0.0,0.5987,0.0,0.199
25543,0.2536,-0.162,0.9265,0.0,0.5198,0.0,0.137
25559,0.2504,-0.1713,0.9283,0.0,0.5004,0.0,0.1007
25576,0.2514,-0.1652,0.9177,0.0,0.5673,0.0,0.1491
25592,0.2482,-0.1788,0.9255,0.0,0.6358,0.0,0.2054
25610,0.2534,-0.1633,0.9251,0.0,0.6487,0.0,0.2313
25626,0.2423,-0.1877,0.9422,0.0,0.5858,0.0,0.1958
25642,0.242,-0.1666,0.9301,0.0,0.5012,0.0,0.1265
25659,0.2452,-0.1598,0.9262,0.0,0.502,0.0,0.1015
25675,0.2489,-0.1591,0.9244,0.0,0.5729,0.0,0.1458
25692,0.245,-0.1806,0.9425,0.0,0.635,0.0,0.2103
25708,0.2499,-0.1649,0.9284,0.0,0.6278,0.0,0.2248
25725,0.2537,-0.1733,0.9303,0.0,0.5536,0.0,0.174
25741,0.2492,-0.1697,0.9254,0.0,0.4972,0.0,0.1152
25758,0.2523,-0.1591,0.9326,0.0,0.5262,0.0,0.1168
25774,0.2454,-0.1697,0.9094,0.0,0.6052,0.0,0.1692
25791,0.243,-0.1655,0.9314,0.0,0.6447,0.0,0.2152
25807,0.2483,-0.1769,0.9392,0.0,0.61,0.0,0.2136
25823,0.2424,-0.1697,0.9217,0.0,0.5327,0.0,0.1499
25840,0.2529,-0.1731,0.9297,0.0,0.4924,0.0,0.1063
25856,0.2379,-0.164,0.9302,0.0,0.552,0.0,0.1329
25873,0.2458,-0.168,0.9322,0.0,0.6246,0.0,0.1893
25889,0.2469,-0.1652,0.931,0.0,0.6423,0.0,0.2281
25906,0.24,-0.1666,0.9296,0.0,0.5826,0.0,0.1918
25922,0.2464,-0.1636,0.926,0.0,0.4972,0.0,0.1249
25939,0.2513,-0.1635,0.9167,0.0,0.5069,0.0,0.1088
25955,0.249,-0.158,0.927,0.0,0.5786,0.0,0.1539
25972,0.2503,-0.1656,0.9309,0.0,0.6342,0.0,0.2103
25988,0.2491,-0.1665,0.9223,0.0,0.6246,0.0,0.2232
26004,0.2407,-0.1658,0.939,0.0,0.5512,0.0,0.1716
26021,0.2531,-0.162,0.9173,0.0,0.498,0.0,0.112
26037,0.2432,-0.1652,0.9295,0.0,0.531,0.0,0.1128
26054,0.2509,-0.1653,0.9333,0.0,0.6027,0.0,0.1756
26070,0.2488,-0.1637,0.9185,0.0,0.6334,0.0,0.2232
26086,0.2597,-0.1634,0.9211,0.0,0.5907,0.0,0.2022
26103,0.2523,-0.1702,0.9243,0.0,0.5061,0.0,0.1329
26119,0.2589,-0.1627,0.9202,0.0,0.4988,0.0,0.1072
26135,0.2501,-0.1694,0.928,0.0,0.5657,0.0,0.1466
26152,0.2507,-0.1642,0.9244,0.0,0.6326,0.0,0.2054
26168,0.2534,-0.1663,0.9229,0.0,0.6334,0.0,0.2273
26185,0.2476,-0.1658,0.924,0.0,0.5625,0.0,0.1781
26201,0.2589,-0.1655,0.9257,0.0,0.4956,0.0,0.1136
26217,0.2524,-0.1593,0.915,0.0,0.5327,0.0,0.1217
26234,0.2505,-0.1724,0.9243,0.0,0.6019,0.0,0.1748
26250,0.2391,-0.1638,0.9428,0.0,0.6431,0.0,0.2232
26266,0.2397,-0.1674,0.9267,0.0,0.5971,0.0,0.2006
26283,0.2605,-0.1682,0.9227,0.0024,0.5214,0.0,0.145
26299,0.2527,-0.1731,0.9184,0.0,0.4916,0.0,0.0999
26316,0.2563,-0.1661,0.9197,0.0,0.56,0.0,0.1378
26332,0.2519,-0.1644,0.9294,0.0,0.631,0.0,0.1966
26349,0.2493,-0.1748,0.9266,0.0,0.6399,0.0,0.2264
26365,0.2477,-0.1713,0.9194,0.0,0.5745,0.0,0.1853
26382,0.2507,-0.1705,0.9141,0.0,0.4996,0.0,0.1209
26398,0.2442,-0.1684,0.9365,0.0,0.5077,0.0,0.1072
26415,0.2495,-0.1728,0.9256,0.0,0.5842,0.0,0.1531
26431,0.2532,-0.1708,0.9221,0.0,0.6374,0.0,0.2127
26447,0.2525,-0.1692,0.9225,0.0,0.6246,0.0,0.2216
26464,0.2511,-0.1677,0.9237,0.0,0.5447,0.0,0.166
26480,0.2501,-0.1674,0.928,0.0,0.4924,0.006,0.1112
26497,0.2483,-0.1671,0.9256,0.0,0.5335,0.0,0.1217
26513,0.2491,-0.1663,0.9245,0.0,0.6027,0.0,0.1756
26529,0.2468,-0.1658,0.9283,0.0,0.6358,0.0,0.2264
26546,0.2426,-0.1663,0.9272,0.0,0.5818,0.0,0.1926
26562,0.2555,-0.1707,0.9205,0.0,0.5012,0.0,0.1281
26578,0.2515,-0.1675,0.9212,0.0,0.5012,0.0,0.1031
26595,0.2527,-0.1699,0.9176,0.0,0.5737,0.0,0.1499
26611,0.2563,-0.1629,0.9221,0.0,0.6342,0.0,0.2054
26628,0.2472,-0.1619,0.9304,0.0,0.6278,0.0,0.2256
26644,0.2421,-0.1648,0.9277,0.0,0.5568,0.0,0.1748
26660,0.2361,-0.162,0.9367,0.0,0.4932,0.0,0.1112
26677,0.2517,-0.1787,0.9141,0.0,0.5391,0.0,0.1257
26693,0.2546,-0.1818,0.9157,0.0,0.6052,0.0,0.1781
26711,0.258,-0.1672,0.9225,0.0,0.6262,0.0,0.2119
26727,0.2479,-0.1649,0.9227,0.0,0.6164,0.0,0.2144
26744,0.2441,-0.1657,0.935,0.0,0.5391,0.0,0.1587
26760,0.2483,-0.1691,0.9282,0.0,0.4956,0.0,0.112
26777,0.2548,-0.1701,0.9219,0.0,0.5375,0.0,0.1241
26793,0.2555,-0.1682,0.9249,0.0,0.606,0.0,0.1813
26809,0.2552,-0.1705,0.9215,0.0,0.6487,0.0,0.2256
26826,0.2521,-0.1709,0.9274,0.0,0.5979,0.0,0.1958
26842,0.2529,-0.1682,0.9216,0.0,0.5133,0.0,0.1394
26859,0.2483,-0.1708,0.9264,0.0,0.4988,0.0,0.1072
26875,0.2469,-0.1722,0.9263,0.0,0.5665,0.0,0.141
26891,0.2497,-0.1736,0.9241,0.0,0.6382,0.0,0.2038
26908,0.2527,-0.1727,0.923,0.0,0.6278,0.0,0.2216
26924,0.2544,-0.1707,0.9236,0.0,0.5576,0.0,0.1716
26940,0.2526,-0.1718,0.9218,0.0,0.4956,0.0,0.1136
26957,0.2562,-0.1722,0.9262,0.0,0.5278,0.0,0.1152
26973,0.2512,-0.173,0.9202,0.0,0.5987,0.0,0.1708
26990,0.2586,-0.1708,0.9257,0.0,0.6415,0.0,0.2224
27006,0.2488,-0.1749,0.9237,0.0,0.6084,0.0,0.2054
27023,0.2522,-0.1717,0.928,0.0,0.5254,0.0,0.1442
27039,0.2553,-0.1791,0.9201,0.0,0.494,0.0,0.0975
27056,0.2486,-0.1685,0.9219,0.0,0.5512,0.0,0.1265
27072,0.2435,-0.1713,0.9237,0.0,0.6262,0.0,0.1901
27089,0.2485,-0.1749,0.9229,0.0,0.6415,0.0,0.2264
27105,0.2495,-0.1725,0.9241,0.0,0.5818,0.0,0.1893
27122,0.2441,-0.1716,0.9269,0.0,0.5004,0.0,0.1265
27138,0.2497,-0.1696,0.9294,0.0,0.5093,0.0,0.1007
27154,0.2525,-0.1753,0.922,0.0,0.5794,0.0,0.1507
27171,0.2515,-0.1734,0.9212,0.0,0.6423,0.0,0.2014
27187,0.2553,-0.1746,0.9224,0.0,0.6294,0.0,0.224
27204,0.2495,-0.1695,0.9261,0.0,0.552,0.0,0.17
27220,0.2477,-0.1704,0.9263,0.0,0.4972,0.0,0.112
27236,0.2471,-0.1708,0.9272,0.0,0.5407,0.0,0.1354
27253,0.2507,-0.172,0.9231,0.0,0.6052,0.0,0.1845
27269,0.2609,-0.1761,0.9165,0.0,0.6471,0.0,0.2232
27285,0.2637,-0.1782,0.9111,0.0,0.5947,0.0,0.2054
27302,0.2601,-0.1745,0.9146,0.0,0.5101,0.0,0.1265
27318,0.2446,-0.1657,0.9314,0.0,0.4996,0.0,0.1072
27335,0.2367,-0.1622,0.9383,0.0,0.5665,0.0,0.1418
27351,0.2434,-0.1685,0.9305,0.0,0.635,0.0,0.2022
27367,0.2538,-0.1749,0.9183,0.0,0.6164,0.0,0.2144
27384,0.2594,-0.177,0.917,0.0,0.5463,0.0,0.17
27400,0.2573,-0.1783,0.9174,0.0,0.49,0.0,0.1168
27416,0.2451,-0.1693,0.9265,0.0,0.5351,0.0,0.1184
27433,0.2439,-0.1676,0.9342,0.0,0.6019,0.0,0.1732
27449,0.24,-0.1659,0.9301,0.0,0.6415,0.0,0.2224
27466,0.2511,-0.17,0.9253,0.0,0.5979,0.0,0.2022
27482,0.2566,-0.1778,0.9218,0.0,0.5125,0.0,0.1394
27499,0.2527,-0.17,0.9168,0.0,0.4908,0.0,0.0975
27515,0.2478,-0.173,0.9175,0.0,0.5536,0.0,0.1378
27532,0.2401,-0.1667,0.9401,0.0,0.6294,0.0,0.1934
27548,0.2499,-0.1743,0.9253,0.0,0.6439,0.0,0.2256
27565,0.2528,-0.1795,0.924,0.0,0.5673,0.0,0.1845
27581,0.2556,-0.1732,0.9149,0.0,0.4996,0.0,0.1225
27597,0.2624,-0.1789,0.9133,0.0,0.5093,0.0,0.1088
27614,0.256,-0.1721,0.9184,0.0,0.5858,0.0,0.1539
27630,0.2479,-0.1734,0.9256,0.0,0.6366,0.0,0.2152
27647,0.2392,-0.1643,0.9323,0.0,0.614,0.0,0.2224
27663,0.2459,-0.167,0.9314,0.0,0.5399,0.0,0.1619
27679,0.2482,-0.1698,0.9227,0.0,0.4859,0.0,0.1072
27696,0.2558,-0.1729,0.921,0.0,0.5472,0.0,0.1297
27712,0.2533,-0.1733,0.9221,0.0,0.614,0.0,0.1877
27728,0.2554,-0.1674,0.9231,0.0,0.6391,0.0,0.2264
27745,0.2445,-0.1734,0.9203,0.0,0.5794,0.0,0.1901
27761,0.2474,-0.1678,0.9201,0.0,0.502,0.0,0.1233
27778,0.2576,-0.1653,0.9161,0.0,0.5036,0.0,0.1063
27794,0.2552,-0.1772,0.9194,0.0,0.5754,0.0,0.1491
27812,0.2518,-0.1648,0.9275,0.0,0.6246,0.0,0.1877
27828,0.248,-0.1666,0.9255,0.0,0.6431,0.0,0.2273
27844,0.249,-0.1632,0.929,0.0,0.5657,0.0,0.1797
27861,0.2453,-0.1634,0.9313,0.0,0.498,0.0,0.1225
27877,0.2516,-0.1686,0.9264,0.0,0.519,0.0,0.1112
27894,0.2545,-0.1737,0.9189,0.0,0.5858,0.0,0.1611
27910,0.2594,-0.1758,0.9189,0.0,0.6374,0.0,0.2119
27926,0.2564,-0.1773,0.9136,0.0,0.6181,0.0,0.2127
27943,0.2467,-0.1688,0.9307,0.0,0.5343,0.0,0.1547
27959,0.2388,-0.1676,0.9324,0.0,0.4891,0.0,0.108
27976,0.2448,-0.1759,0.9269,0.0,0.5351,0.0,0.1217
27992,0.2473,-0.1781,0.9209,0.0,0.606,0.0,0.1829
28009,0.2541,-0.1764,0.9208,0.0,0.6374,0.0,0.2248
28025,0.2503,-0.1754,0.9204,0.0,0.5915,0.0,0.1998
28042,0.2506,-0.1737,0.9309,0.0,0.5117,0.0193,0.1354
28058,0.2471,-0.1729,0.926,0.0,0.4972,0.0,0.0983
28075,0.2461,-0.1747,0.9287,0.0,0.5665,0.0,0.1394
28091,0.2555,-0.1761,0.9182,0.0,0.6342,0.0,0.203
28107,0.2564,-0.1769,0.9126,0.0,0.6326,0.0,0.2264
28124,0.2494,-0.1763,0.9268,0.0,0.5665,0.0,0.1764
28140,0.2437,-0.1733,0.9252,0.0,0.4964,0.0,0.1184
28157,0.2473,-0.1753,0.9246,0.0,0.523,0.0,0.1112
28173,0.2508,-0.1783,0.9191,0.0,0.5955,0.0,0.1652
28189,0.2484,-0.1773,0.9208,0.0,0.6431,0.0,0.2208
28206,0.2475,-0.1745,0.9296,0.0,0.6019,0.0,0.2038
28222,0.2509,-0.1781,0.9241,0.0,0.5214,0.0,0.1458
28238,0.2526,-0.1797,0.9196,0.0,0.494,0.0,0.1063
28255,0.2554,-0.177,0.9196,0.0,0.5592,0.0,0.1354
28271,0.2565,-0.1779,0.9189,0.0,0.6278,0.0,0.1974
28288,0.2543,-0.1752,0.9212,0.0,0.6399,0.0,0.2264
28304,0.2446,-0.1737,0.9281,0.0,0.5729,0.0,0.1861
28320,0.243,-0.1724,0.9311,0.0,0.4956,0.0,0.1192
28337,0.2479,-0.173,0.9262,0.0,0.5222,0.0,0.1128
28353,0.2598,-0.179,0.9191,0.0,0.5987,0.0,0.1636
28369,0.2621,-0.1804,0.9112,0.0,0.6423,0.0,0.2152
28386,0.2586,-0.1782,0.9148,0.0,0.6132,0.0,0.2119
28402,0.2518,-0.1746,0.9248,0.0,0.5359,0.0,0.1523
28419,0.2488,-0.1748,0.9233,0.0,0.4924,0.0,0.0991
28435,0.2538,-0.176,0.9219,0.0,0.5488,0.0,0.1313
28452,0.2519,-0.175,0.9215,0.0,0.6229,0.0,0.1877
28468,0.2536,-0.1776,0.9235,0.0,0.6423,0.0,0.2264
28485,0.2483,-0.1738,0.9201,0.0,0.5842,0.0,0.1934
28501,0.2508,-0.1729,0.927,0.0,0.5053,0.0,0.1265
28518,0.2474,-0.1724,0.9253,0.0,0.502,0.0,0.1023
28534,0.2494,-0.1738,0.9232,0.0,0.5778,0.0,0.1466
28550,0.2485,-0.1755,0.9247,0.0,0.6374,0.0,0.2038
28567,0.2462,-0.1789,0.9211,0.0,0.6334,0.0,0.2232
28583,0.2445,-0.1746,0.9173,0.0,0.5576,0.0,0.1764
28600,0.2388,-0.167,0.9395,0.0,0.4972,0.0,0.1152
28616,0.2507,-0.17,0.9353,0.0,0.5278,0.0,0.1176
28633,0.2577,-0.1699,0.9202,0.0,0.5979,0.0,0.1652
28649,0.2544,-0.1708,0.9295,0.0,0.6407,0.0,0.2168
28666,0.2574,-0.17,0.9255,0.0,0.6092,0.0,0.2127
28682,0.2575,-0.1753,0.9216,0.0,0.5351,0.0,0.1482
28699,0.2459,-0.1739,0.9246,0.0,0.494,0.0,0.1007
28715,0.2479,-0.1744,0.9249,0.0,0.552,0.0,0.1273
28731,0.2453,-0.1759,0.929,0.0,0.6181,0.0,0.1877
28748,0.2569,-0.1787,0.9141,0.0,0.6407,0.0,0.2232
28764,0.2593,-0.175,0.9139,0.0,0.5786,0.0,0.1885
28781,0.2451,-0.1712,0.9302,0.0,0.5004,0.0,0.1281
28797,0.2438,-0.1734,0.9276,0.0,0.5053,0.0,0.108
28813,0.2453,-0.1779,0.9323,0.0,0.5874,0.0,0.1619
28830,0.2376,-0.1691,0.9417,0.0,0.6358,0.0,0.2119
28846,0.2568,-0.176,0.9192,0.0,0.6124,0.0,0.2152
28862,0.2534,-0.1744,0.9176,0.0,0.5327,0.0,0.1531
28879,0.2518,-0.1765,0.93,0.0,0.4883,0.0,0.1104
28895,0.2506,-0.1704,0.9254,0.0,0.5391,0.0,0.1257
28913,0.2458,-0.169,0.9307,0.0,0.5915,0.0,0.1652
28929,0.2481,-0.1764,0.9203,0.0,0.6407,0.0,0.2152
28946,0.2497,-0.1751,0.9244,0.0,0.6132,0.0,0.2168
28962,0.2513,-0.1742,0.9206,0.0,0.5391,0.0,0.1603
28979,0.249,-0.1732,0.9263,0.0,0.4932,0.0,0.1088
28995,0.2475,-0.1759,0.9266,0.0,0.5455,0.0,0.1233
29012,0.2539,-0.1737,0.9158,0.0,0.6124,0.0,0.1837
29028,0.2549,-0.1743,0.9183,0.0,0.6431,0.0,0.2256
29045,0.2479,-0.1748,0.9271,0.0,0.5923,0.0,0.1974
29061,0.2508,-0.1746,0.9233,0.0,0.5061,0.0,0.1321
29078,0.2543,-0.1782,0.9181,0.0,0.4988,0.0,0.0975
29094,0.2592,-0.1822,0.9168,0.0,0.5737,0.0,0.145
29110,0.2635,-0.1815,0.9092,0.0,0.6374,0.0,0.2022
29127,0.2604,-0.1744,0.9167,0.0,0.6358,0.0,0.2297
29143,0.2503,-0.1648,0.9223,0.0,0.5592,0.0,0.1748
29160,0.2438,-0.1714,0.9335,0.0,0.4956,0.0,0.12
29176,0.2327,-0.1663,0.9384,0.0,0.5149,0.0,0.1104
29193,0.2355,-0.1631,0.936,0.0,0.5939,0.0,0.1652
29209,0.2355,-0.167,0.9347,0.0,0.6391,0.0,0.2152
29226,0.2514,-0.1721,0.9206,0.0,0.606,0.0,0.2119
29242,0.2551,-0.1752,0.915,0.0,0.531,0.0,0.1531
29259,0.2524,-0.1767,0.9254,0.0,0.4859,0.0,0.108
29275,0.2512,-0.1759,0.9153,0.0,0.5447,0.0,0.1321
29291,0.2434,-0.1716,0.9296,0.0,0.6156,0.0,0.1861
29308,0.239,-0.1664,0.9325,0.0,0.6407,0.0,0.2289
29324,0.2455,-0.1686,0.9269,0.0,0.5882,0.0,0.199
29341,0.2451,-0.1704,0.9285,0.0,0.5053,0.0,0.1321
29357,0.2504,-0.1728,0.9217,0.0,0.4972,0.0,0.0991
29373,0.2547,-0.1756,0.921,0.0,0.5858,0.0,0.1595
29390,0.2465,-0.1749,0.9227,0.0,0.6382,0.0,0.2127
29406,0.2372,-0.1712,0.9294,0.0,0.6189,0.0,0.2168
29422,0.2453,-0.1739,0.9326,0.0,0.5463,0.0,0.1652
29439,0.2464,-0.1725,0.9198,0.0,0.4956,0.0,0.112
29455,0.2521,-0.1719,0.9268,0.0,0.5383,0.0,0.1233
29472,0.2539,-0.1722,0.9181,0.0,0.6108,0.0,0.1813
29488,0.2472,-0.1734,0.9254,0.0,0.6471,0.0,0.2232
29504,0.254,-0.1777,0.9239,0.0,0.581,0.0,0.1893
29521,0.244,-0.1752,0.9206,0.0,0.5053,0.0,0.1249
29537,0.2506,-0.1769,0.9266,0.0,0.5069,0.0012,0.1072
29554,0.2474,-0.1714,0.9203,0.0,0.5762,0.0,0.1515
29570,0.2485,-0.1693,0.9291,0.0,0.6374,0.0,0.2168
29586,0.2547,-0.1758,0.9237,0.0,0.631,0.0,0.2216
29603,0.2506,-0.1735,0.9251,0.0,0.5528,0.0,0.1748
29619,0.252,-0.1746,0.9234,0.0,0.4964,0.0,0.1152
29636,0.2488,-0.1763,0.9225,0.0,0.5262,0.0,0.1136
29652,0.2481,-0.1774,0.9236,0.0,0.5955,0.0,0.1716
29669,0.2424,-0.1763,0.9326,0.0,0.6358,0.0,0.2232
29685,0.2468,-0.1806,0.9356,0.0,0.6003,0.0,0.2095
29702,0.2533,-0.1648,0.9112,0.0,0.5214,0.0,0.1418
29718,0.2412,-0.1739,0.9421,0.0,0.4891,0.0,0.1007
29734,0.2444,-0.1744,0.9411,0.0,0.5512,0.0,0.1329
29751,0.2477,-0.1727,0.9267,0.0,0.6172,0.0,0.1966
29767,0.2535,-0.1768,0.9255,0.0,0.6407,0.0,0.2264
29784,0.2561,-0.1694,0.9186,0.0,0.5729,0.0,0.1869
29800,0.2612,-0.1784,0.9193,0.0,0.4956,0.0,0.1241
29816,0.2617,-0.1784,0.9118,0.0,0.5117,0.0,0.1144
29833,0.2501,-0.1733,0.9227,0.0,0.5866,0.0,0.1652
29849,0.2515,-0.1729,0.9314,0.0,0.6342,0.0,0.2152
29865,0.2549,-0.1712,0.9167,0.0,0.6084,0.0,0.2136
29882,0.2558,-0.18,0.9108,0.0,0.5254,0.0,0.1587
29898,0.2516,-0.1894,0.9278,0.0,0.4916,0.0,0.1104
29915,0.2521,-0.1797,0.9392,0.0,0.5455,0.0,0.1281
29931,0.251,-0.1814,0.9203,0.0,0.6124,0.0,0.1853
29947,0.2514,-0.1776,0.9225,0.0,0.6391,0.0,0.2264
29964,0.2499,-0.1786,0.9254,0.0,0.5729,0.0,0.1821
29980,0.2494,-0.18,0.92,0.0,0.5004,0.0,0.1233
29996,0.2461,-0.176,0.9257,0.0,0.5109,0.0,0.1104
30014,0.2513,-0.176,0.9244,0.0,0.5641,0.0,0.1354
30031,0.2547,-0.1778,0.9201,0.0,0.6294,0.0,0.1958
30047,0.2494,-0.1802,0.9205,0.0,0.6423,0.0,0.2248
30063,0.2441,-0.181,0.9238,0.0,0.5745,0.0,0.1885
30080,0.2449,-0.1768,0.9298,0.0,0.5028,0.0,0.1265
30096,0.2431,-0.1705,0.9287,0.0,0.5117,0.0,0.1072
30113,0.2507,-0.1801,0.925,0.0,0.585,0.0,0.1539
30129,0.2552,-0.1781,0.9163,0.0,0.6391,0.0,0.2152
30145,0.2605,-0.1779,0.9157,0.0,0.6084,0.0,0.2136
30162,0.2597,-0.1752,0.9195,0.0,0.5254,0.0,0.1507
30178,0.2514,-0.1728,0.9203,0.0,0.4932,0.0,0.1096
30194,0.2487,-0.1713,0.931,0.0,0.5488,0.0,0.1313
30211,0.2448,-0.1709,0.9272,0.0,0.6172,0.0,0.1926
30227,0.2561,-0.179,0.9211,0.0,0.6407,0.0,0.2216
30244,0.2539,-0.1802,0.9183,0.0,0.577,0.0,0.1958
30260,0.2526,-0.1796,0.9209,0.0,0.5012,0.0,0.1289
30277,0.2474,-0.176,0.923,0.0,0.4964,0.0,0.1088
30293,0.2458,-0.1705,0.9253,0.0,0.5778,0.0,0.1491
30310,0.255,-0.1778,0.9196,0.0,0.6334,0.0,0.2119
30326,0.2503,-0.1732,0.9211,0.0,0.6278,0.0,0.2232
30343,0.2468,-0.1767,0.9197,0.0,0.5568,0.0,0.174
30359,0.2543,-0.171,0.9246,0.0,0.4964,0.0,0.1176
30375,0.2434,-0.1665,0.9235,0.0,0.5278,0.0,0.1184
30392,0.2398,-0.1645,0.9247,0.0,0.6003,0.0,0.174
30408,0.2518,-0.1827,0.9288,0.0,0.6382,0.0,0.2216
30425,0.2592,-0.1723,0.904,0.0,0.6011,0.0,0.2095
30441,0.2476,-0.1776,0.9332,0.0,0.5262,0.0,0.1442
30457,0.248,-0.1786,0.9191,0.0,0.4956,0.0,0.0991
30474,0.2526,-0.1787,0.9256,0.0,0.5641,0.0,0.1394
30490,0.2606,-0.1783,0.9131,0.0,0.6342,0.0,0.2022
30506,0.2766,-0.179,0.9046,0.0,0.6366,0.0,0.2264
30523,0.2436,-0.1663,0.9238,0.0,0.5713,0.0,0.1813
30539,0.2552,-0.1685,0.925,0.0,0.502,0.0,0.1217
30556,0.2567,-0.1773,0.9199,0.0,0.5198,0.0,0.112
30572,0.2568,-0.1751,0.9176,0.0,0.5907,0.0,0.1619
30589,0.2504,-0.1762,0.9252,0.0,0.6399,0.0,0.2152
30605,0.2521,-0.1821,0.9238,0.0,0.6148,0.0,0.2168
30621,0.2526,-0.1816,0.9163,0.0,0.5246,0.0,0.1474
30638,0.2513,-0.1748,0.9279,0.0,0.4763,0.0,0.0999
30654,0.2531,-0.1739,0.9322,0.0,0.5568,0.0,0.1345
30670,0.2484,-0.1866,0.9211,0.0,0.6278,0.0,0.1918
30687,0.2507,-0.1741,0.9253,0.0,0.6407,0.0,0.2248
30703,0.2493,-0.1779,0.9219,0.0,0.5794,0.0,0.1861
30720,0.2539,-0.1819,0.9206,0.0,0.5004,0.0,0.1225
30736,0.2559,-0.1787,0.9217,0.0,0.5085,0.0,0.108
30753,0.2555,-0.1823,0.9218,0.0,0.5794,0.0,0.1515
30769,0.2511,-0.1796,0.9244,0.0,0.6342,0.0,0.2095
30786,0.2494,-0.1832,0.9233,0.0,0.6237,0.0,0.2216
30802,0.2472,-0.1775,0.919,0.0,0.5472,0.0,0.1668
30819,0.2521,-0.1774,0.9201,0.0,0.494,0.0,0.1136
30835,0.2504,-0.1722,0.9306,0.0,0.5375,0.0,0.1209
30851,0.2498,-0.1808,0.9179,0.0,0.6036,0.0,0.1772
30868,0.2444,-0.1814,0.9245,0.0,0.6439,0.0,0.2248
30884,0.25,-0.1828,0.9272,0.0,0.6036,0.0,0.2038
30901,0.2547,-0.1831,0.9167,0.0,0.5246,0.0,0.141
30917,0.2533,-0.1834,0.9173,0.0,0.4956,0.0,0.1072
30933,0.2564,-0.1815,0.919,0.0,0.5778,0.0,0.1474
30950,0.2485,-0.1798,0.9254,0.0,0.6358,0.0,0.2022
30966,0.24,-0.1764,0.9296,0.0,0.631,0.0,0.2264
30983,0.2456,-0.1858,0.9278,0.0,0.5625,0.0,0.1748
30999,0.2514,-0.1903,0.9241,0.0,0.4996,0.0,0.12
31015,0.2566,-0.1953,0.9242,0.0,0.5254,0.0,0.1152
31032,0.2475,-0.1742,0.9195,0.0,0.5971,0.0,0.1684
31048,0.261,-0.1719,0.9151,0.0,0.6415,0.0,0.2184
31064,0.2426,-0.1784,0.9414,0.0,0.5979,0.0,0.2014
31081,0.2689,-0.1846,0.8995,0.0,0.5125,0.0,0.1362
31097,0.2595,-0.1831,0.9129,0.0,0.4956,0.0,0.1072
31115,0.252,-0.1772,0.9246,0.0,0.5407,0.0,0.1265
31131,0.2494,-0.1826,0.9182,0.0,0.61,0.0,0.1821
31148,0.2482,-0.1806,0.9242,0.0,0.6439,0.0,0.224
31164,0.2557,-0.1826,0.9201,0.0,0.5955,0.0,0.2038
31181,0.2481,-0.1775,0.9349,0.0,0.5198,0.0,0.1434
31197,0.252,-0.1798,0.9226,0.0,0.494,0.0,0.0991
31213,0.2495,-0.1786,0.919,0.0,0.5609,0.0,0.1386
31230,0.2494,-0.1778,0.9242,0.0,0.627,0.0,0.199
31246,0.2568,-0.1785,0.9201,0.0,0.6302,0.0,0.2264
31263,0.2543,-0.1821,0.9138,0.0,0.5633,0.0,0.1853
31279,0.253,-0.1793,0.9198,0.0,0.4996,0.0,0.1192
31295,0.2581,-0.1817,0.9146,0.0,0.5262,0.0,0.1168
31312,0.2451,-0.1746,0.9263,0.0,0.5971,0.0,0.1684
31328,0.2486,-0.1799,0.9269,0.0,0.6407,0.0,0.2184
31345,0.2421,-0.1831,0.929,0.0,0.6011,0.0,0.2119
31361,0.255,-0.183,0.9226,0.0,0.5238,0.0,0.1474
31377,0.2588,-0.1848,0.9166,0.0,0.4908,0.0,0.1031
31394,0.2589,-0.1844,0.9128,0.0,0.5488,0.0,0.1281
31410,0.2508,-0.178,0.913,0.0,0.6181,0.0,0.1934
31426,0.2518,-0.1823,0.9297,0.0,0.631,0.0,0.224
31443,0.2479,-0.1733,0.9181,0.0,0.5592,0.0,0.1764
31459,0.2464,-0.1796,0.923,0.0,0.4948,0.0,0.1184
31475,0.247,-0.1815,0.9276,0.0,0.519,0.0,0.1144
31492,0.2532,-0.185,0.9154,0.0,0.5891,0.0,0.1627
31508,0.2542,-0.1849,0.9147,0.0,0.6358,0.0,0.2144
31525,0.257,-0.1836,0.9225,0.0,0.6092,0.0,0.2168
31541,0.2515,-0.1872,0.914,0.0,0.531,0.0,0.1539
31557,0.2485,-0.181,0.9315,0.0,0.4924,0.0,0.1072
31574,0.2486,-0.1783,0.9155,0.0,0.5536,0.0,0.1345
31590,0.2366,-0.1697,0.931,0.0,0.6254,0.0,0.1909
31606,0.2467,-0.176,0.9318,0.0,0.6391,0.0,0.2313
31623,0.2554,-0.1813,0.908,0.0,0.5745,0.0,0.1869
31639,0.254,-0.1856,0.9162,0.0,0.4988,0.0,0.1217
31656,0.2443,-0.1785,0.9282,0.0,0.5085,0.0,0.1072
31672,0.2436,-0.1804,0.9203,0.0,0.5818,0.0,0.1603
31689,0.2486,-0.1765,0.9275,0.0,0.6382,0.0,0.2216
31705,0.2516,-0.1833,0.9146,0.0,0.6278,0.0,0.2152
31722,0.2565,-0.1762,0.9187,0.0,0.548,0.0,0.1652
31738,0.2525,-0.1902,0.923,0.0,0.494,0.0,0.1152
31755,0.2521,-0.1857,0.9145,0.0,0.5367,0.0,0.1217
31771,0.2421,-0.1718,0.9357,0.0,0.6052,0.0,0.1716
31787,0.2477,-0.17,0.9187,0.0,0.6415,0.0,0.224
31804,0.2572,-0.1764,0.9086,0.0,0.5971,0.0,0.203
31820,0.2403,-0.1789,0.9333,0.0,0.5133,0.0,0.1394
31837,0.2511,-0.1712,0.9158,0.0,0.4924,0.0,0.0999
31853,0.2419,-0.184,0.9482,0.0,0.56,0.0,0.1354
31870,0.2546,-0.1891,0.9103,0.0,0.6278,0.0,0.199
31886,0.2551,-0.1779,0.913,0.0,0.6382,0.0,0.2248
31903,0.2548,-0.1839,0.9239,0.0,0.5713,0.0,0.1821
31919,0.2519,-0.1783,0.9223,0.0,0.5004,0.0,0.1225
31935,0.2436,-0.1759,0.9289,0.0,0.5133,0.0,0.1088
31952,0.2432,-0.1756,0.925,0.0,0.5858,0.0,0.1531
31968,0.25,-0.1815,0.9267,0.0,0.6366,0.0,0.2144
31985,0.2536,-0.1823,0.9162,0.0,0.6148,0.0,0.2152
32001,0.2483,-0.1831,0.9243,0.0,0.5391,0.0,0.1619
32017,0.2465,-0.1785,0.9234,0.0,0.4924,0.0,0.0975
32034,0.2421,-0.1774,0.929,0.0,0.5504,0.0,0.1313
32050,0.2499,-0.1772,0.9255,0.0,0.6213,0.0,0.1909
32066,0.2584,-0.1836,0.9144,0.0,0.6382,0.0,0.2232
32083,0.2614,-0.1826,0.913,0.0,0.5794,0.0,0.1893
32099,0.2554,-0.1807,0.9088,0.0,0.5004,0.0,0.1273
32116,0.243,-0.1771,0.9263,0.0,0.5061,0.0,0.1072
32132,0.244,-0.1758,0.9299,0.0024,0.5778,0.0,0.1474
32149,0.2414,-0.1795,0.9293,0.0,0.635,0.0,0.2046
32165,0.2556,-0.1855,0.9222,0.0,0.6262,0.0,0.2216
32182,0.2612,-0.1814,0.9085,0.0,0.5504,0.0,0.17
32198,0.2721,-0.1823,0.9121,0.0,0.4972,0.0,0.1136
32215,0.2553,-0.1846,0.9137,0.0,0.5214,0.0,0.112
32232,0.2542,-0.1808,0.9233,0.0,0.5882,0.0,0.1619
32248,0.2383,-0.1762,0.9292,0.0,0.6407,0.0,0.2192
32265,0.2426,-0.1758,0.932,0.0,0.6124,0.0,0.2152
32281,0.2531,-0.1867,0.9202,0.0,0.5359,0.0,0.1539
32297,0.2575,-0.1846,0.9141,0.0,0.4932,0.0,0.112
32314,0.251,-0.184,0.9235,0.0,0.5439,0.0,0.1265
32330,0.2516,-0.1823,0.9178,0.0,0.6124,0.0,0.1861
32347,0.2485,-0.1819,0.9237,0.0,0.6431,0.0,0.2264
32363,0.2488,-0.1789,0.9265,0.0,0.5874,0.0,0.1934
32380,0.2509,-0.1836,0.9186,0.0,0.5053,0.0,0.1337
32396,0.2558,-0.1894,0.9182,0.0,0.4964,0.0,0.0975
32413,0.252,-0.1934,0.9161,0.0,0.5665,0.0,0.145
32429,0.2516,-0.1904,0.916,0.0,0.631,0.0,0.2022
32445,0.2479,-0.1826,0.9256,0.0,0.635,0.0,0.2232
32462,0.2487,-0.184,0.9274,0.0,0.5617,0.0,0.1764
32478,0.2552,-0.1865,0.913,0.006,0.4956,0.0,0.1168
32495,0.2553,-0.1895,0.919,0.0,0.5222,0.0,0.1136
32511,0.2595,-0.189,0.916,0.0,0.5955,0.0,0.17
32528,0.2491,-0.1867,0.921,0.0,0.6415,0.0,0.2216
32544,0.2449,-0.1807,0.9263,0.0,0.6084,0.0,0.2136
32561,0.2401,-0.1793,0.9301,0.0,0.531,0.0024,0.1499
32577,0.246,-0.1772,0.9293,0.0,0.5004,0.0,0.1031
32594,0.2521,-0.1855,0.9209,0.0,0.548,0.0,0.1241
32610,0.2557,-0.1821,0.9163,0.0,0.6172,0.0,0.1869
32626,0.2511,-0.1809,0.9237,0.0,0.6431,0.0,0.2281
32643,0.2477,-0.1822,0.9252,0.0,0.5891,0.0,0.199
32659,0.2508,-0.1795,0.9244,0.0,0.5101,0.0,0.1281
32676,0.2489,-0.1797,0.9231,0.0,0.502,0.0,0.1007
32692,0.2479,-0.1826,0.9243,0.0,0.5754,0.0,0.1491
32709,0.2489,-0.1815,0.924,0.0,0.6358,0.0,0.2022
32725,0.2479,-0.1828,0.9254,0.0,0.6302,0.0,0.2232
32742,0.2524,-0.1892,0.9186,0.0,0.5568,0.0,0.1772
32758,0.2527,-0.1903,0.9187,0.0,0.5004,0.0,0.1176
32775,0.2576,-0.1956,0.9162,0.0,0.5238,0.0,0.1144
32791,0.2528,-0.1912,0.9175,0.0,0.5979,0.0,0.1692
32807,0.2573,-0.1972,0.9189,0.0,0.6391,0.0,0.216
32824,0.2614,-0.1972,0.9109,0.0,0.6084,0.0,0.2136
32840,0.2629,-0.1956,0.9096,0.0,0.5278,0.0,0.1474
32857,0.2555,-0.1966,0.92,0.0,0.4948,0.0,0.1088
32873,0.2494,-0.1941,0.9174,0.0,0.5504,0.0,0.1265
32890,0.2485,-0.1949,0.9212,0.0,0.6189,0.0,0.1829
32906,0.25,-0.1967,0.9185,0.0,0.6487,0.0,0.2273
32923,0.2557,-0.1961,0.919,0.0,0.5866,0.0,0.1934
32939,0.2553,-0.1951,0.9137,0.0,0.5028,0.0,0.1241
32956,0.2591,-0.1905,0.9173,0.0,0.4996,0.0,0.0999
32972,0.2614,-0.1882,0.9149,0.0,0.577,0.0,0.1491
32988,0.2509,-0.184,0.9187,0.0,0.6358,0.0,0.2038
33005,0.2471,-0.1858,0.9288,0.0,0.6278,0.0,0.2224
33021,0.2438,-0.1869,0.9211,0.0,0.5544,0.0,0.1716
33038,0.2398,-0.1853,0.927,0.0,0.4964,0.0,0.1192
33054,0.2469,-0.1915,0.9221,0.0,0.5254,0.0,0.1136
33071,0.2462,-0.1851,0.9198,0.0,0.5987,0.0,0.1724
33087,0.2474,-0.1827,0.9295,0.0,0.6415,0.0,0.2264
33104,0.2484,-0.1789,0.9174,0.0,0.6019,0.0,0.2103
33120,0.2436,-0.1806,0.9294,0.0,0.5157,0.0,0.1507
33137,0.2439,-0.1814,0.931,0.0,0.494,0.0,0.1072
33153,0.2417,-0.1816,0.9214,0.0,0.5536,0.0,0.1289
33169,0.2445,-0.1808,0.9319,0.0,0.6246,0.0,0.1909
33186,0.2511,-0.1834,0.9195,0.0,0.6399,0.0,0.2281
33202,0.2553,-0.1872,0.915,0.0,0.5778,0.0,0.1869
33219,0.2609,-0.1905,0.9109,0.0,0.5004,0.0,0.1225
33235,0.2534,-0.1847,0.917,0.0,0.5061,0.0,0.1088
33252,0.2413,-0.1833,0.9329,0.0,0.5778,0.0,0.1507
33268,0.2457,-0.1839,0.9196,0.0,0.6342,0.0,0.2103
33285,0.244,-0.184,0.9307,0.0,0.6181,0.0,0.2224
33301,0.2502,-0.1882,0.9236,0.0,0.5455,0.0,0.17
33319,0.2595,-0.1952,0.9051,0.0,0.5012,0.0,0.1281
33335,0.2599,-0.1925,0.9118,0.0,0.5117,0.0,0.1096
33352,0.2487,-0.1893,0.9221,0.0,0.5842,0.0,0.1523
33368,0.2411,-0.1866,0.9273,0.0,0.6391,0.0,0.2103
33384,0.2464,-0.1822,0.9253,0.0,0.6189,0.0,0.2168
33401,0.2475,-0.1801,0.924,0.0,0.5407,0.0,0.1652
33417,0.2429,-0.1826,0.9276,0.0,0.4924,0.0,0.1104
33434,0.242,-0.1875,0.9235,0.0,0.5335,0.0,0.1184
33450,0.2489,-0.1945,0.9189,0.0,0.6052,0.0,0.1756
33466,0.2511,-0.1954,0.9153,0.0,0.6527,0.0,0.2264
33483,0.2654,-0.1922,0.9113,0.0,0.5866,0.0,0.1909
33499,0.2473,-0.1814,0.9172,0.0,0.5077,0.0,0.1265
33515,0.2423,-0.1621,0.9381,0.0,0.4996,0.0,0.1007
33532,0.2166,-0.1608,0.9442,0.0,0.5762,0.0,0.1458
33548,0.2094,-0.1611,0.9601,0.0,0.6391,0.0,0.2022
33565,0.2294,-0.1969,0.9413,0.0,0.6294,0.0,0.2216
33581,0.2602,-0.1839,0.916,0.006,0.5528,0.0,0.1748
33597,0.2742,-0.2002,0.905,0.0,0.4924,0.0,0.1112
33614,0.2905,-0.2113,0.8788,0.0,0.5359,0.0,0.1184
33630,0.2761,-0.1882,0.8988,0.0,0.6092,0.0,0.1756
33647,0.2514,-0.1701,0.9344,0.0,0.6471,0.0,0.2248
33663,0.2319,-0.1718,0.9389,0.0,0.5987,0.0,0.2006
33679,0.2464,-0.1766,0.9303,0.0,0.5133,0.0048,0.1386
33696,0.2677,-0.1856,0.9071,0.0,0.494,0.0,0.0999
33712,0.2735,-0.1854,0.9067,0.0,0.5592,0.0,0.1354
33729,0.2608,-0.1856,0.9106,0.0,0.6302,0.0,0.199
33745,0.2438,-0.1824,0.9259,0.0,0.6358,0.0,0.2289
33761,0.2329,-0.1724,0.9372,0.0,0.5536,0.0,0.1708
33778,0.2355,-0.1738,0.9399,0.0,0.4956,0.0,0.1184
33794,0.2497,-0.1826,0.9181,0.0,0.5262,0.0,0.1184
33810,0.2643,-0.1856,0.9097,0.0,0.5987,0.0,0.17
33827,0.2721,-0.1837,0.9042,0.0,0.6415,0.0,0.2192
33843,0.2582,-0.1777,0.925,0.0,0.61,0.0,0.2022
33860,0.2476,-0.1783,0.9265,0.0,0.5246,0.0,0.1491
33876,0.229,-0.1795,0.9318,0.0,0.4932,0.0,0.1007
33893,0.2307,-0.1884,0.9399,0.0,0.552,0.0,0.1313
33909,0.236,-0.1863,0.9203,0.0,0.6254,0.0,0.1885
33926,0.2488,-0.1873,0.924,0.0,0.6423,0.0,0.2224
33942,0.2558,-0.1871,0.9105,0.0,0.5794,0.0,0.1909
33959,0.2456,-0.1806,0.9226,0.0,0.5012,0.0,0.1209
33975,0.24,-0.1804,0.9302,0.0,0.5069,0.0,0.1072
33991,0.2365,-0.178,0.9299,0.0,0.5778,0.0,0.1499
34008,0.235,-0.1797,0.9408,0.0,0.6358,0.0,0.2119
34024,0.2437,-0.183,0.9171,0.0,0.6294,0.0,0.2224
34041,0.2408,-0.1745,0.9334,0.0,0.5512,0.0,0.17
34057,0.2482,-0.1839,0.9255,0.0,0.4964,0.0,0.1136
34073,0.2506,-0.1825,0.9185,0.0,0.5407,0.0,0.1225
34090,0.2496,-0.1788,0.9248,0.0,0.6124,0.0,0.1829
34106,0.2476,-0.1856,0.9172,0.0,0.6463,0.0,0.2289
34123,0.2499,-0.1828,0.9199,0.0,0.5866,0.0,0.1926
34139,0.2446,-0.1853,0.9233,0.0,0.4972,0.0,0.1329
34155,0.2476,-0.1839,0.9213,0.0,0.4972,0.0,0.1007
34172,0.2475,-0.1819,0.9229,0.0,0.5633,0.0,0.1458
34188,0.2436,-0.1816,0.922,0.0,0.6342,0.0,0.2014
34204,0.2388,-0.1803,0.9294,0.0,0.6262,0.0,0.2232
34221,0.242,-0.1795,0.9265,0.0,0.548,0.0,0.166
34237,0.2401,-0.181,0.924,0.0,0.4908,0.0,0.1104
34253,0.242,-0.1826,0.9297,0.0,0.5343,0.0,0.12
34270,0.2458,-0.1848,0.9207,0.0,0.6052,0.0,0.1724
34286,0.259,-0.1843,0.9165,0.0,0.6447,0.0,0.2216
34303,0.2595,-0.1846,0.9115,0.0,0.6019,0.0,0.2038
34319,0.257,-0.1844,0.9168,0.0,0.5198,0.0,0.141
34335,0.2491,-0.182,0.9205,0.0,0.502,0.0,0.1072
34352,0.2455,-0.179,0.9249,0.0,0.5745,0.0,0.1466
34368,0.2506,-0.1748,0.9209,0.0,0.6342,0.0,0.2087
34385,0.2479,-0.1702,0.927,0.0,0.631,0.0,0.2248
34401,0.2461,-0.1708,0.9269,0.0,0.5536,0.0,0.1748
34419,0.2431,-0.1771,0.9286,0.0,0.4988,0.0,0.1249
34435,0.2505,-0.182,0.9209,0.0,0.4996,0.0,0.1072
34451,0.2447,-0.1812,0.9172,0.0,0.5737,0.0,0.1458
34468,0.2402,-0.1876,0.926,0.0,0.6358,0.0,0.2046
34484,0.2244,-0.1853,0.9296,0.0,0.6302,0.0,0.2232
34501,0.2188,-0.179,0.9447,0.0,0.5568,0.0,0.174
34517,0.2185,-0.1727,0.9403,0.0,0.4964,0.0,0.1176
34533,0.228,-0.1752,0.9395,0.0,0.5391,0.0,0.1273
34550,0.2418,-0.1791,0.9245,0.0,0.61,0.0,0.1821
34566,0.2608,-0.1859,0.9131,0.0,0.6431,0.0,0.2248
34583,0.2714,-0.1875,0.9039,0.0,0.5923,0.0,0.2014
34599,0.2612,-0.1829,0.9115,0.0,0.5109,0.0,0.1362
34615,0.2565,-0.1854,0.9165,0.0,0.4964,0.0,0.1023
34632,0.2409,-0.1804,0.9236,0.0,0.5665,0.0,0.1378
34648,0.2384,-0.1852,0.9328,0.0,0.6391,0.0,0.1998
34664,0.2379,-0.182,0.9225,0.0,0.6229,0.0,0.2224
34681,0.2331,-0.1748,0.9354,0.0,0.5512,0.0,0.1708
34697,0.2388,-0.1802,0.9333,0.0,0.4972,0.0,0.112
34713,0.2539,-0.1906,0.9141,0.0,0.5351,0.0,0.1184
34730,0.2522,-0.1917,0.9115,0.0,0.6027,0.0,0.17
